-44	-49	-54	-55	-65	-59	-60	-60	-62	-61	-65	-65	-61	-65	-74	-67	-75	-75	-76	-80	-73	-85	-80	-84	-82	-88	-86	-86	-49	-89	-89
-44	-49	-54	-55	-65	-59	-60	-60	-62	-61	-65	-65	-61	-65	-74	-67	-75	-75	-76	-80	-73	-85	-80	-84	-82	-88	-86	-86	-49	-89	-89
-44	-49	-55	-55	-66	-61	-61	-62	-62	-61	-65	-65	-61	-65	-74	-67	-74	-75	-75	-78	-73	-85	-80	-84	-82	-88	-86	-86	-49	-89	-89	-84	-88	-89
-44	-49	-55	-55	-66	-61	-61	-62	-62	-61	-65	-65	-61	-65	-74	-67	-74	-75	-75	-78	-73	-85	-80	-84	-82	-88	-86	-86	-49	-89	-89	-84	-88	-89
-43	-49	-56	-57	-67	-61	-61	-62	-62	-61	-61	-65	-61	-65	-67	-74	-75	-75	-79	-73	-85	-77	-83	-82	-86	-86	-49	-89	-89	-84	-88	-89
-43	-49	-56	-57	-67	-61	-61	-62	-62	-61	-61	-65	-61	-65	-67	-74	-75	-75	-79	-73	-85	-77	-83	-82	-86	-86	-49	-89	-89	-84	-88	-89
-43	-49	-56	-56	-68	-61	-61	-62	-62	-63	-61	-65	-61	-65	-67	-74	-74	-75	-80	-73	-85	-77	-84	-82	-86	-86	-49	-89	-89	-84	-88	-89	-80	-89
-43	-49	-56	-56	-68	-61	-61	-62	-62	-63	-61	-65	-61	-65	-67	-74	-74	-75	-80	-73	-85	-77	-84	-82	-86	-86	-49	-89	-89	-84	-88	-89	-80	-89
-44	-50	-55	-56	-68	-59	-59	-60	-60	-61	-61	-65	-61	-65	-74	-74	-75	-80	-73	-85	-78	-84	-82	-86	-86	-49	-89	-89	-84	-88	-89	-82	-89	-90
-44	-50	-55	-56	-68	-59	-59	-60	-60	-61	-61	-65	-61	-65	-74	-74	-75	-80	-73	-85	-78	-84	-82	-86	-86	-49	-89	-89	-84	-88	-89	-82	-89	-90
-42	-53	-55	-55	-68	-59	-59	-60	-60	-59	-62	-65	-61	-65	-74	-75	-74	-79	-73	-84	-78	-84	-83	-86	-86	-49	-89	-89	-84	-85	-89	-82	-87	-88	-74	-82	-84
-42	-53	-55	-55	-68	-59	-59	-60	-60	-59	-62	-65	-61	-65	-74	-75	-74	-79	-73	-84	-78	-84	-83	-86	-86	-49	-89	-89	-84	-85	-89	-82	-87	-88	-74	-82	-84
-44	-58	-56	-55	-69	-56	-57	-57	-58	-54	-62	-65	-61	-65	-74	-75	-74	-74	-73	-85	-81	-84	-80	-86	-86	-49	-89	-89	-84	-85	-89	-82	-87	-88	-74	-82	-85	-85
-44	-58	-56	-55	-69	-56	-57	-57	-58	-54	-62	-65	-61	-65	-74	-75	-74	-74	-73	-85	-81	-84	-80	-86	-86	-49	-89	-89	-84	-85	-89	-82	-87	-88	-74	-82	-85	-85
-46	-59	-53	-53	-70	-56	-57	-57	-58	-57	-64	-65	-61	-65	-74	-75	-74	-74	-73	-85	-78	-83	-80	-86	-86	-49	-89	-89	-84	-83	-88	-82	-85	-87	-73	-81	-85	-85
-50	-54	-54	-56	-56	-56	-57	-57	-59	-59	-67	-63	-74	-75	-75	-76	-73	-81	-82	-83	-79	-84	-80	-85	-81	-83	-85	-85	-85	-87	-88	-88
-50	-54	-54	-56	-56	-56	-57	-57	-59	-59	-67	-63	-74	-75	-75	-76	-73	-81	-82	-83	-79	-84	-80	-85	-81	-83	-85	-85	-85	-87	-88	-88
-47	-51	-53	-56	-56	-56	-57	-59	-60	-55	-69	-63	-74	-75	-75	-76	-74	-81	-82	-83	-79	-84	-80	-85	-80	-83	-85	-85	-85	-87	-88	-88	-80
-47	-51	-53	-56	-56	-56	-57	-59	-60	-55	-69	-63	-74	-75	-75	-76	-74	-81	-82	-83	-79	-84	-80	-85	-80	-83	-85	-85	-85	-87	-88	-88	-80
-45	-51	-53	-57	-58	-57	-57	-60	-62	-54	-69	-63	-74	-75	-75	-76	-73	-81	-82	-83	-83	-84	-82	-86	-81	-83	-85	-85	-85	-87	-88	-88	-82	-84
-45	-51	-53	-57	-58	-57	-57	-60	-62	-54	-69	-63	-74	-75	-75	-76	-73	-81	-82	-83	-83	-84	-82	-86	-81	-83	-85	-85	-85	-87	-88	-88	-82	-84
-43	-51	-53	-58	-58	-57	-58	-60	-63	-53	-69	-63	-74	-75	-75	-76	-71	-81	-87	-83	-83	-83	-82	-86	-81	-84	-85	-85	-86	-87	-88	-88	-82	-84
-43	-51	-53	-58	-58	-57	-58	-60	-63	-53	-69	-63	-74	-75	-75	-76	-71	-81	-87	-83	-83	-83	-82	-86	-81	-84	-85	-85	-86	-87	-88	-88	-82	-84
-45	-52	-53	-58	-58	-58	-58	-60	-63	-56	-72	-63	-74	-75	-75	-75	-71	-81	-87	-83	-83	-83	-82	-86	-79	-84	-85	-85	-86	-87	-88	-88	-82	-84	-84
-45	-52	-53	-58	-58	-58	-58	-60	-63	-56	-72	-63	-74	-75	-75	-75	-71	-81	-87	-83	-83	-83	-82	-86	-79	-84	-85	-85	-86	-87	-88	-88	-82	-84	-84
-47	-55	-53	-60	-61	-61	-59	-61	-63	-54	-72	-63	-74	-74	-74	-74	-76	-81	-87	-84	-81	-83	-83	-86	-80	-84	-85	-85	-86	-87	-88	-88	-82	-84	-84
-47	-55	-53	-60	-61	-61	-59	-61	-63	-54	-72	-63	-74	-74	-74	-74	-76	-81	-87	-84	-81	-83	-83	-86	-80	-84	-85	-85	-86	-87	-88	-88	-82	-84	-84
-49	-58	-54	-60	-61	-61	-60	-58	-62	-53	-72	-63	-74	-75	-74	-74	-79	-81	-86	-84	-81	-83	-83	-86	-80	-85	-86	-85	-86	-87	-88	-88	-82	-83	-84
-49	-58	-54	-60	-61	-61	-60	-58	-62	-53	-72	-63	-74	-75	-74	-74	-79	-81	-86	-84	-81	-83	-83	-86	-80	-85	-86	-85	-86	-87	-88	-88	-82	-83	-84
-50	-58	-56	-61	-62	-62	-61	-56	-64	-51	-72	-63	-74	-74	-73	-74	-80	-87	-84	-80	-84	-83	-86	-80	-87	-87	-85	-86	-87	-87	-87	-83	-83	-84
-50	-58	-56	-61	-62	-62	-61	-56	-64	-51	-72	-63	-74	-74	-73	-74	-80	-87	-84	-80	-84	-83	-86	-80	-87	-87	-85	-86	-87	-87	-87	-83	-83	-84
-50	-60	-56	-64	-64	-64	-63	-58	-65	-51	-72	-63	-73	-72	-72	-73	-80	-87	-84	-82	-84	-83	-86	-81	-87	-87	-85	-86	-87	-86	-87	-83	-83	-84	-85
-50	-60	-56	-64	-64	-64	-63	-58	-65	-51	-72	-63	-73	-72	-72	-73	-80	-87	-84	-82	-84	-83	-86	-81	-87	-87	-85	-86	-87	-86	-87	-83	-83	-84	-85
-50	-59	-56	-66	-65	-66	-63	-58	-63	-53	-72	-63	-73	-72	-71	-72	-81	-87	-84	-82	-84	-83	-86	-81	-87	-88	-85	-87	-87	-85	-87	-83	-83	-84	-85
-50	-59	-56	-66	-65	-66	-63	-58	-63	-53	-72	-63	-73	-72	-71	-72	-81	-87	-84	-82	-84	-83	-86	-81	-87	-88	-85	-87	-87	-85	-87	-83	-83	-84	-85
-50	-58	-57	-67	-66	-67	-64	-55	-63	-53	-72	-63	-73	-72	-71	-72	-81	-87	-84	-80	-84	-83	-86	-81	-87	-88	-85	-87	-87	-85	-87	-83	-83	-84	-85
-50	-58	-57	-67	-66	-67	-64	-55	-63	-53	-72	-63	-73	-72	-71	-72	-81	-87	-84	-80	-84	-83	-86	-81	-87	-88	-85	-87	-87	-85	-87	-83	-83	-84	-85
-50	-59	-58	-68	-67	-67	-65	-54	-63	-55	-72	-63	-73	-69	-68	-70	-81	-87	-84	-80	-84	-83	-86	-81	-87	-88	-85	-87	-85	-87	-83	-83	-84	-85
-50	-59	-58	-68	-67	-67	-65	-54	-63	-55	-72	-63	-73	-69	-68	-70	-81	-87	-84	-80	-84	-83	-86	-81	-87	-88	-85	-87	-85	-87	-83	-83	-84	-85
-51	-59	-59	-68	-68	-67	-66	-54	-63	-56	-72	-63	-73	-69	-68	-70	-83	-87	-85	-79	-84	-83	-81	-88	-88	-85	-87	-85	-87	-83	-83	-84	-85
-51	-59	-59	-68	-68	-67	-66	-54	-63	-56	-72	-63	-73	-69	-68	-70	-83	-87	-85	-79	-84	-83	-81	-88	-88	-85	-87	-85	-87	-83	-83	-84	-85
-51	-59	-59	-68	-69	-68	-67	-55	-60	-56	-71	-63	-73	-67	-66	-68	-85	-87	-85	-77	-84	-83	-83	-88	-88	-85	-87	-85	-87	-83	-83	-84	-85	-54
-53	-66	-66	-66	-56	-56	-60	-61	-61	-54	-71	-67	-70	-70	-70	-70	-77	-84	-85	-85	-87	-83	-83	-83	-84	-85	-86	-87	-87	-88	-88
-53	-66	-66	-66	-56	-56	-60	-61	-61	-54	-71	-67	-70	-70	-70	-70	-77	-84	-85	-85	-87	-83	-83	-83	-84	-85	-86	-87	-87	-88	-88
-53	-66	-66	-66	-57	-56	-59	-62	-61	-54	-71	-67	-70	-70	-69	-69	-78	-85	-85	-85	-87	-83	-83	-83	-84	-84	-86	-87	-87	-89	-88	-87
-53	-66	-66	-66	-57	-56	-59	-62	-61	-54	-71	-67	-70	-70	-69	-69	-78	-85	-85	-85	-87	-83	-83	-83	-84	-84	-86	-87	-87	-89	-88	-87
-53	-66	-66	-66	-57	-56	-61	-61	-61	-54	-71	-68	-70	-70	-70	-68	-77	-85	-85	-85	-87	-83	-83	-83	-84	-85	-85	-87	-89	-88	-87
-53	-66	-66	-66	-57	-56	-61	-61	-61	-54	-71	-68	-70	-70	-70	-68	-77	-85	-85	-85	-87	-83	-83	-83	-84	-85	-85	-87	-89	-88	-87
-53	-65	-66	-64	-57	-58	-60	-62	-61	-54	-71	-69	-70	-70	-70	-70	-76	-85	-85	-88	-83	-83	-83	-83	-83	-86	-87	-89	-87	-87
-53	-65	-66	-64	-57	-58	-60	-62	-61	-54	-71	-69	-70	-70	-70	-70	-76	-85	-85	-88	-83	-83	-83	-83	-83	-86	-87	-89	-87	-87
-53	-62	-62	-62	-57	-60	-60	-62	-62	-54	-67	-69	-70	-70	-69	-68	-76	-85	-85	-88	-83	-83	-82	-83	-83	-86	-88	-90	-88	-87	-84
-53	-62	-62	-62	-57	-60	-60	-62	-62	-54	-67	-69	-70	-70	-69	-68	-76	-85	-85	-88	-83	-83	-82	-83	-83	-86	-88	-90	-88	-87	-84
-53	-64	-63	-62	-57	-60	-60	-62	-65	-54	-66	-70	-71	-72	-71	-70	-74	-85	-85	-88	-83	-83	-82	-83	-85	-86	-88	-90	-88	-87	-84	-89
-53	-64	-63	-62	-57	-60	-60	-62	-65	-54	-66	-70	-71	-72	-71	-70	-74	-85	-85	-88	-83	-83	-82	-83	-85	-86	-88	-90	-88	-87	-84	-89
-53	-63	-63	-62	-57	-60	-60	-62	-65	-54	-66	-69	-70	-71	-70	-69	-74	-85	-85	-88	-84	-83	-82	-83	-85	-87	-88	-90	-88	-87	-84	-89
-53	-63	-63	-62	-57	-60	-60	-62	-65	-54	-66	-69	-70	-71	-70	-69	-74	-85	-85	-88	-84	-83	-82	-83	-85	-87	-88	-90	-88	-87	-84	-89
-54	-63	-63	-62	-63	-59	-59	-64	-66	-54	-66	-70	-70	-71	-71	-70	-72	-85	-85	-88	-84	-83	-82	-83	-85	-87	-88	-90	-88	-87	-84	-89
-54	-63	-63	-62	-63	-59	-59	-64	-66	-54	-66	-70	-70	-71	-71	-70	-72	-85	-85	-88	-84	-83	-82	-83	-85	-87	-88	-90	-88	-87	-84	-89
-55	-63	-63	-62	-60	-59	-54	-64	-66	-54	-66	-71	-70	-71	-72	-70	-71	-85	-84	-88	-84	-83	-82	-83	-85	-87	-88	-90	-88	-88	-84	-88
-57	-60	-61	-62	-65	-53	-60	-63	-66	-67	-69	-71	-72	-72	-73	-73	-81	-85	-82	-83	-88	-88	-84	-84	-85	-85	-87	-88	-88	-88	-90
-57	-60	-61	-62	-65	-53	-60	-63	-66	-67	-69	-71	-72	-72	-73	-73	-81	-85	-82	-83	-88	-88	-84	-84	-85	-85	-87	-88	-88	-88	-90
-57	-60	-60	-60	-64	-53	-58	-64	-66	-69	-68	-73	-74	-73	-75	-74	-81	-85	-82	-83	-88	-88	-85	-84	-85	-85	-87	-88	-88	-88	-90	-85
-57	-60	-60	-60	-64	-53	-58	-64	-66	-69	-68	-73	-74	-73	-75	-74	-81	-85	-82	-83	-88	-88	-85	-84	-85	-85	-87	-88	-88	-88	-90	-85
-59	-59	-59	-58	-62	-50	-60	-63	-68	-69	-68	-74	-76	-75	-78	-77	-81	-85	-82	-88	-85	-84	-85	-85	-87	-88	-88	-88	-90	-85
-59	-59	-59	-58	-62	-50	-60	-63	-68	-69	-68	-74	-76	-75	-78	-77	-81	-85	-82	-88	-85	-84	-85	-85	-87	-88	-88	-88	-90	-85
-59	-61	-61	-63	-63	-50	-60	-63	-68	-70	-69	-78	-79	-76	-80	-79	-79	-85	-88	-85	-85	-85	-87	-89	-89	-88	-90	-85
-59	-61	-61	-63	-63	-50	-60	-63	-68	-70	-69	-78	-79	-76	-80	-79	-79	-85	-88	-85	-85	-85	-87	-89	-89	-88	-90	-85
-59	-61	-61	-63	-63	-50	-62	-66	-68	-70	-72	-79	-80	-77	-81	-79	-79	-85	-88	-85	-85	-85	-87	-89	-89	-88	-90	-85
-59	-61	-61	-63	-63	-50	-62	-66	-68	-70	-72	-79	-80	-77	-81	-79	-79	-85	-88	-85	-85	-85	-87	-89	-89	-88	-90	-85
-59	-61	-61	-63	-63	-48	-62	-64	-69	-70	-72	-79	-79	-78	-79	-79	-79	-85	-88	-85	-85	-85	-87	-89	-89	-88	-90	-85	-79
-59	-61	-61	-63	-63	-48	-62	-64	-69	-70	-72	-79	-79	-78	-79	-79	-79	-85	-88	-85	-85	-85	-87	-89	-89	-88	-90	-85	-79
-59	-61	-61	-63	-63	-45	-61	-64	-70	-72	-72	-77	-77	-76	-77	-76	-79	-85	-88	-85	-85	-85	-87	-89	-89	-88	-90	-85	-79	-70
-59	-61	-61	-63	-63	-45	-61	-64	-70	-72	-72	-77	-77	-76	-77	-76	-79	-85	-88	-85	-85	-85	-87	-89	-89	-88	-90	-85	-79	-70
-59	-61	-61	-63	-63	-47	-61	-65	-70	-72	-72	-75	-77	-76	-77	-76	-77	-85	-85	-85	-85	-87	-89	-89	-88	-90	-85	-79	-70
-60	-61	-62	-62	-63	-47	-63	-66	-58	-69	-71	-72	-77	-74	-75	-75	-76	-76	-70	-79	-85	-85	-86	-89	-89	-90
-60	-61	-62	-62	-63	-47	-63	-66	-58	-69	-71	-72	-77	-74	-75	-75	-76	-76	-70	-79	-85	-85	-86	-89	-89	-90
-61	-63	-64	-63	-63	-47	-65	-66	-58	-73	-71	-72	-77	-74	-78	-78	-78	-77	-70	-81	-85	-85	-86	-89	-89	-90	-86
-61	-63	-64	-63	-63	-47	-65	-66	-58	-73	-71	-72	-77	-74	-78	-78	-78	-77	-70	-81	-85	-85	-86	-89	-89	-90	-86
-62	-63	-64	-62	-63	-47	-65	-64	-58	-73	-72	-72	-77	-73	-76	-75	-76	-76	-70	-81	-85	-85	-86	-89	-89	-90	-86
-62	-63	-64	-62	-63	-47	-65	-64	-58	-73	-72	-72	-77	-73	-76	-75	-76	-76	-70	-81	-85	-85	-86	-89	-89	-90	-86
-61	-62	-64	-62	-47	-65	-64	-58	-70	-72	-71	-76	-76	-74	-72	-73	-76	-70	-81	-85	-85	-86	-90	-86	-67
-61	-62	-64	-62	-47	-65	-64	-58	-70	-72	-71	-76	-76	-74	-72	-73	-76	-70	-81	-85	-85	-86	-90	-86	-67
-60	-62	-64	-61	-50	-66	-65	-58	-70	-72	-71	-76	-73	-72	-70	-72	-75	-70	-81	-85	-85	-86	-90	-86	-67	-85
-60	-62	-64	-61	-50	-66	-65	-58	-70	-72	-71	-76	-73	-72	-70	-72	-75	-70	-81	-85	-85	-86	-90	-86	-67	-85
-60	-61	-62	-61	-51	-65	-65	-58	-68	-72	-71	-76	-74	-72	-70	-72	-74	-70	-81	-86	-85	-86	-90	-86	-67	-85
-60	-61	-62	-61	-51	-65	-65	-58	-68	-72	-71	-76	-74	-72	-70	-72	-74	-70	-81	-86	-85	-86	-90	-86	-67	-85
-60	-61	-62	-61	-50	-65	-65	-58	-68	-71	-71	-76	-74	-70	-69	-70	-72	-70	-81	-86	-86	-86	-90	-86	-67	-85	-88	-89
-60	-61	-62	-61	-50	-65	-65	-58	-68	-71	-71	-76	-74	-70	-69	-70	-72	-70	-81	-86	-86	-86	-90	-86	-67	-85	-88	-89
-59	-61	-62	-61	-50	-65	-64	-58	-69	-71	-70	-76	-74	-67	-66	-67	-70	-70	-81	-86	-87	-86	-90	-86	-67	-85	-88	-89	-57
-57	-57	-61	-61	-62	-50	-64	-64	-67	-67	-67	-67	-69	-69	-70	-67	-77	-77	-85	-86	-87	-87	-88	-89	-90
-57	-57	-61	-61	-62	-50	-64	-64	-67	-67	-67	-67	-69	-69	-70	-67	-77	-77	-85	-86	-87	-87	-88	-89	-90
-57	-57	-61	-61	-61	-51	-64	-64	-66	-66	-66	-62	-69	-68	-70	-67	-77	-77	-86	-86	-87	-87	-88	-89	-90	-63
-57	-57	-61	-61	-61	-51	-64	-64	-66	-66	-66	-62	-69	-68	-70	-67	-77	-77	-86	-86	-87	-87	-88	-89	-90	-63
-58	-60	-66	-66	-64	-51	-62	-63	-64	-64	-64	-61	-69	-67	-70	-67	-78	-77	-86	-86	-87	-86	-88	-89	-90	-63
-58	-60	-66	-66	-64	-51	-62	-63	-64	-64	-64	-61	-69	-67	-70	-67	-78	-77	-86	-86	-87	-86	-88	-89	-90	-63
-57	-60	-66	-66	-64	-53	-62	-63	-65	-65	-67	-65	-69	-66	-70	-67	-79	-74	-86	-85	-86	-86	-88	-89	-90	-63
-57	-60	-66	-66	-64	-53	-62	-63	-65	-65	-67	-65	-69	-66	-70	-67	-79	-74	-86	-85	-86	-86	-88	-89	-90	-63
-56	-60	-66	-66	-64	-50	-62	-62	-65	-66	-66	-65	-67	-66	-70	-67	-79	-73	-84	-85	-86	-86	-88	-89	-90	-63	-88
-56	-60	-66	-66	-64	-50	-62	-62	-65	-66	-66	-65	-67	-66	-70	-67	-79	-73	-84	-85	-86	-86	-88	-89	-90	-63	-88
-57	-61	-66	-66	-64	-54	-61	-62	-65	-66	-66	-68	-66	-66	-66	-67	-79	-73	-84	-85	-86	-86	-88	-89	-90	-63	-88
-57	-61	-66	-66	-64	-54	-61	-62	-65	-66	-66	-68	-66	-66	-66	-67	-79	-73	-84	-85	-86	-86	-88	-89	-90	-63	-88
-55	-62	-67	-66	-64	-56	-62	-63	-62	-64	-64	-66	-64	-66	-65	-67	-80	-74	-82	-84	-88	-86	-89	-90	-63	-88
-55	-62	-67	-66	-64	-56	-62	-63	-62	-64	-64	-66	-64	-66	-65	-67	-80	-74	-82	-84	-88	-86	-89	-90	-63	-88
-55	-62	-69	-69	-67	-58	-60	-62	-59	-61	-61	-66	-64	-64	-65	-67	-80	-76	-77	-84	-88	-86	-89	-90	-63	-88	-84	-89
-55	-62	-69	-69	-67	-58	-60	-62	-59	-61	-61	-66	-64	-64	-65	-67	-80	-76	-77	-84	-88	-86	-89	-90	-63	-88	-84	-89
-55	-62	-69	-69	-67	-58	-57	-61	-61	-63	-64	-68	-62	-63	-59	-67	-82	-76	-72	-83	-88	-86	-89	-90	-63	-88	-84	-89	-86
-55	-62	-69	-69	-67	-58	-57	-61	-61	-63	-64	-68	-62	-63	-59	-67	-82	-76	-72	-83	-88	-86	-89	-90	-63	-88	-84	-89	-86
-53	-65	-72	-71	-71	-56	-60	-61	-61	-63	-64	-69	-60	-63	-59	-67	-82	-76	-74	-84	-88	-86	-89	-90	-63	-88	-84	-89	-86	-87
-53	-65	-72	-71	-71	-56	-60	-61	-61	-63	-64	-69	-60	-63	-59	-67	-82	-76	-74	-84	-88	-86	-89	-90	-63	-88	-84	-89	-86	-87
-53	-67	-72	-71	-71	-54	-60	-61	-61	-62	-62	-68	-58	-62	-56	-67	-82	-77	-74	-84	-87	-86	-90	-90	-63	-88	-84	-89	-86	-87	-84
-53	-67	-72	-71	-71	-54	-60	-61	-61	-62	-62	-68	-58	-62	-56	-67	-82	-77	-74	-84	-87	-86	-90	-90	-63	-88	-84	-89	-86	-87	-84
-53	-69	-73	-72	-72	-57	-57	-60	-64	-64	-64	-68	-57	-63	-56	-67	-81	-78	-74	-83	-87	-86	-90	-90	-63	-88	-84	-89	-87	-87	-84
-53	-69	-73	-72	-72	-57	-57	-60	-64	-64	-64	-68	-57	-63	-56	-67	-81	-78	-74	-83	-87	-86	-90	-90	-63	-88	-84	-89	-87	-87	-84
-52	-69	-73	-73	-72	-57	-56	-59	-62	-63	-61	-72	-57	-62	-56	-67	-82	-79	-74	-83	-87	-86	-90	-90	-63	-88	-84	-89	-87	-88	-84
-52	-69	-73	-73	-72	-57	-56	-59	-62	-63	-61	-72	-57	-62	-56	-67	-82	-79	-74	-83	-87	-86	-90	-90	-63	-88	-84	-89	-87	-88	-84
-50	-70	-73	-73	-72	-58	-55	-59	-63	-66	-65	-72	-57	-63	-56	-67	-82	-79	-74	-83	-87	-86	-89	-89	-63	-88	-84	-89	-87	-88	-84
-50	-70	-73	-73	-72	-58	-55	-59	-63	-66	-65	-72	-57	-63	-56	-67	-82	-79	-74	-83	-87	-86	-89	-89	-63	-88	-84	-89	-87	-88	-84
-50	-70	-73	-74	-73	-56	-55	-59	-63	-64	-64	-70	-58	-63	-58	-67	-83	-79	-74	-82	-87	-86	-89	-89	-63	-88	-84	-89	-88	-88	-84	-82	-90
-50	-70	-73	-74	-73	-56	-55	-59	-63	-64	-64	-70	-58	-63	-58	-67	-83	-79	-74	-82	-87	-86	-89	-89	-63	-88	-84	-89	-88	-88	-84	-82	-90
-49	-71	-73	-74	-73	-57	-55	-59	-64	-64	-64	-74	-58	-64	-58	-67	-83	-79	-79	-81	-87	-86	-88	-88	-63	-88	-84	-89	-88	-88	-84	-82	-90
-49	-71	-73	-74	-73	-57	-55	-59	-64	-64	-64	-74	-58	-64	-58	-67	-83	-79	-79	-81	-87	-86	-88	-88	-63	-88	-84	-89	-88	-88	-84	-82	-90
-47	-71	-77	-75	-73	-57	-53	-58	-67	-67	-67	-74	-58	-64	-57	-67	-83	-80	-78	-79	-87	-86	-89	-88	-63	-88	-84	-88	-88	-85	-82	-90
-47	-71	-77	-75	-73	-57	-53	-58	-67	-67	-67	-74	-58	-64	-57	-67	-83	-80	-78	-79	-87	-86	-89	-88	-63	-88	-84	-88	-88	-85	-82	-90
-47	-71	-77	-76	-73	-59	-53	-57	-68	-68	-67	-75	-58	-64	-57	-83	-81	-79	-79	-87	-86	-89	-88	-63	-88	-83	-88	-88	-85	-82	-90	-84
-47	-71	-77	-76	-73	-59	-53	-57	-68	-68	-67	-75	-58	-64	-57	-83	-81	-79	-79	-87	-86	-89	-88	-63	-88	-83	-88	-88	-85	-82	-90	-84
-45	-72	-76	-75	-73	-60	-53	-54	-65	-66	-64	-78	-58	-64	-56	-83	-82	-79	-77	-86	-86	-89	-87	-63	-88	-83	-88	-88	-86	-82	-89	-84	-89
-45	-72	-76	-75	-73	-60	-53	-54	-65	-66	-64	-78	-58	-64	-56	-83	-82	-79	-77	-86	-86	-89	-87	-63	-88	-83	-88	-88	-86	-82	-89	-84	-89
-45	-72	-76	-76	-74	-59	-53	-54	-65	-65	-64	-78	-59	-64	-57	-83	-82	-76	-74	-86	-85	-89	-87	-63	-87	-84	-88	-88	-86	-83	-89	-84	-89
-43	-54	-54	-57	-59	-62	-65	-66	-66	-67	-74	-74	-76	-77	-74	-77	-78	-84	-84	-82	-83	-88	-84	-85	-86	-87	-87	-87	-88	-89	-89	-89
-44	-53	-53	-56	-58	-61	-65	-66	-66	-66	-75	-74	-76	-77	-73	-78	-79	-84	-84	-82	-83	-88	-84	-85	-86	-87	-87	-86	-88	-89	-89	-89
-44	-53	-53	-56	-58	-61	-65	-66	-66	-66	-75	-74	-76	-77	-73	-78	-79	-84	-84	-82	-83	-88	-84	-85	-86	-87	-87	-86	-88	-89	-89	-89
-44	-53	-53	-56	-58	-61	-65	-66	-66	-66	-75	-74	-76	-77	-73	-78	-79	-84	-84	-82	-83	-88	-84	-85	-86	-87	-87	-86	-88	-89	-89	-89
-44	-56	-53	-57	-58	-62	-66	-66	-66	-66	-75	-74	-76	-77	-71	-77	-79	-84	-84	-82	-83	-88	-84	-86	-86	-87	-87	-86	-88	-89	-89	-89
-44	-56	-53	-57	-58	-62	-66	-66	-66	-66	-75	-74	-76	-77	-71	-77	-79	-84	-84	-82	-83	-88	-84	-86	-86	-87	-87	-86	-88	-89	-89	-89
-42	-56	-53	-58	-58	-63	-67	-67	-67	-67	-77	-75	-78	-79	-71	-80	-80	-84	-85	-83	-83	-88	-84	-86	-86	-87	-87	-86	-88	-89	-89	-89
-42	-56	-53	-58	-58	-63	-67	-67	-67	-67	-77	-75	-78	-79	-71	-80	-80	-84	-85	-83	-83	-88	-84	-86	-86	-87	-87	-86	-88	-89	-89	-89
-43	-57	-50	-59	-58	-66	-68	-67	-67	-68	-77	-75	-78	-78	-70	-81	-79	-84	-85	-84	-83	-88	-84	-86	-86	-86	-87	-86	-88	-88	-89	-89
-43	-57	-50	-59	-58	-66	-68	-67	-67	-68	-77	-75	-78	-78	-70	-81	-79	-84	-85	-84	-83	-88	-84	-86	-86	-86	-87	-86	-88	-88	-89	-89
-43	-57	-50	-59	-58	-65	-68	-69	-69	-70	-77	-75	-78	-78	-69	-82	-79	-85	-85	-85	-83	-88	-84	-86	-86	-86	-87	-86	-89	-88	-89	-89
-43	-57	-50	-59	-58	-65	-68	-69	-69	-70	-77	-75	-78	-78	-69	-82	-79	-85	-85	-85	-83	-88	-84	-86	-86	-86	-87	-86	-89	-88	-89	-89
-46	-55	-47	-62	-61	-65	-70	-71	-72	-70	-77	-75	-78	-79	-70	-82	-80	-85	-84	-85	-83	-87	-84	-86	-86	-85	-86	-86	-88	-88	-89	-86	-86
-46	-55	-47	-62	-61	-65	-70	-71	-72	-70	-77	-75	-78	-79	-70	-82	-80	-85	-84	-85	-83	-87	-84	-86	-86	-85	-86	-86	-88	-88	-89	-86	-86
-48	-57	-44	-63	-62	-67	-71	-74	-74	-72	-77	-75	-78	-80	-70	-82	-81	-85	-83	-86	-82	-87	-82	-86	-86	-86	-86	-86	-88	-88	-89	-87	-86
-48	-57	-44	-63	-62	-67	-71	-74	-74	-72	-77	-75	-78	-80	-70	-82	-81	-85	-83	-86	-82	-87	-82	-86	-86	-86	-86	-86	-88	-88	-89	-87	-86
-47	-60	-41	-66	-63	-67	-73	-76	-78	-75	-77	-75	-78	-81	-71	-82	-81	-85	-82	-86	-82	-87	-82	-86	-86	-85	-86	-86	-88	-88	-89	-86	-86	-87	-87
-47	-60	-41	-66	-63	-67	-73	-76	-78	-75	-77	-75	-78	-81	-71	-82	-81	-85	-82	-86	-82	-87	-82	-86	-86	-85	-86	-86	-88	-88	-89	-86	-86	-87	-87
-48	-59	-42	-66	-64	-67	-73	-76	-78	-75	-77	-75	-78	-81	-71	-82	-82	-85	-82	-86	-82	-87	-82	-86	-86	-84	-86	-86	-87	-87	-89	-86	-87	-87	-87	-88
-48	-59	-42	-66	-64	-67	-73	-76	-78	-75	-77	-75	-78	-81	-71	-82	-82	-85	-82	-86	-82	-87	-82	-86	-86	-84	-86	-86	-87	-87	-89	-86	-87	-87	-87	-88
-47	-58	-41	-68	-64	-69	-75	-77	-79	-77	-77	-75	-78	-81	-68	-82	-83	-85	-81	-86	-81	-87	-81	-86	-84	-88	-87	-87	-87	-89	-86	-87	-87	-87	-88	-87
-47	-58	-41	-68	-64	-69	-75	-77	-79	-77	-77	-75	-78	-81	-68	-82	-83	-85	-81	-86	-81	-87	-81	-86	-84	-88	-87	-87	-87	-89	-86	-87	-87	-87	-88	-87
-47	-54	-41	-69	-65	-68	-77	-77	-79	-77	-85	-75	-85	-83	-68	-83	-83	-85	-81	-86	-81	-87	-81	-84	-88	-87	-87	-87	-89	-86	-87	-87	-87	-88	-87
-47	-54	-41	-69	-65	-68	-77	-77	-79	-77	-85	-75	-85	-83	-68	-83	-83	-85	-81	-86	-81	-87	-81	-84	-88	-87	-87	-87	-89	-86	-87	-87	-87	-88	-87
-47	-54	-42	-67	-65	-66	-77	-77	-78	-77	-85	-85	-83	-68	-83	-83	-85	-81	-86	-80	-87	-80	-84	-87	-87	-87	-87	-89	-86	-87	-87	-87	-88	-88
-47	-54	-42	-67	-65	-66	-77	-77	-78	-77	-85	-85	-83	-68	-83	-83	-85	-81	-86	-80	-87	-80	-84	-87	-87	-87	-87	-89	-86	-87	-87	-87	-88	-88
-46	-52	-42	-68	-66	-66	-76	-76	-77	-76	-85	-85	-83	-67	-83	-83	-85	-80	-86	-80	-87	-80	-87	-88	-87	-87	-87	-89	-86	-87	-87	-88	-88	-88	-67
-46	-52	-42	-68	-66	-66	-76	-76	-77	-76	-85	-85	-83	-67	-83	-83	-85	-80	-86	-80	-87	-80	-87	-88	-87	-87	-87	-89	-86	-87	-87	-88	-88	-88	-67
-46	-55	-42	-68	-66	-68	-76	-76	-77	-76	-85	-85	-83	-68	-84	-83	-81	-86	-80	-87	-80	-87	-88	-87	-87	-87	-87	-87	-87	-88	-88	-88	-67	-88
-46	-55	-42	-68	-66	-68	-76	-76	-77	-76	-85	-85	-83	-68	-84	-83	-81	-86	-80	-87	-80	-87	-88	-87	-87	-87	-87	-87	-87	-88	-88	-88	-67	-88
-46	-53	-42	-63	-64	-66	-75	-74	-74	-72	-85	-85	-83	-67	-85	-83	-81	-85	-80	-80	-87	-87	-87	-87	-87	-87	-87	-87	-88	-88	-88	-67	-88	-83
-46	-53	-42	-63	-64	-66	-75	-74	-74	-72	-85	-85	-83	-67	-85	-83	-81	-85	-80	-80	-87	-87	-87	-87	-87	-87	-87	-87	-88	-88	-88	-67	-88	-83
-44	-52	-43	-64	-64	-66	-75	-74	-74	-72	-85	-85	-83	-66	-83	-83	-82	-86	-81	-81	-87	-87	-87	-87	-87	-87	-87	-87	-88	-88	-88	-67	-88	-83
-44	-52	-43	-64	-64	-66	-75	-74	-74	-72	-85	-85	-83	-66	-83	-83	-82	-86	-81	-81	-87	-87	-87	-87	-87	-87	-87	-87	-88	-88	-88	-67	-88	-83
-40	-51	-48	-64	-64	-68	-75	-74	-74	-72	-85	-85	-83	-67	-84	-83	-82	-87	-81	-82	-87	-87	-87	-87	-87	-87	-87	-87	-88	-88	-88	-67	-88	-83
-40	-51	-48	-64	-64	-68	-75	-74	-74	-72	-85	-85	-83	-67	-84	-83	-82	-87	-81	-82	-87	-87	-87	-87	-87	-87	-87	-87	-88	-88	-88	-67	-88	-83
-38	-50	-48	-60	-63	-68	-74	-74	-73	-73	-84	-83	-81	-66	-84	-80	-82	-87	-81	-82	-86	-87	-87	-86	-86	-88	-88	-87	-88	-88	-88	-67	-88	-82
-38	-50	-48	-60	-63	-68	-74	-74	-73	-73	-84	-83	-81	-66	-84	-80	-82	-87	-81	-82	-86	-87	-87	-86	-86	-88	-88	-87	-88	-88	-88	-67	-88	-82
-34	-52	-47	-63	-62	-67	-74	-74	-72	-73	-84	-83	-81	-66	-84	-80	-82	-87	-82	-83	-86	-88	-88	-86	-87	-88	-88	-87	-88	-88	-88	-67	-88	-82	-84
-34	-52	-47	-63	-62	-67	-74	-74	-72	-73	-84	-83	-81	-66	-84	-80	-82	-87	-82	-83	-86	-88	-88	-86	-87	-88	-88	-87	-88	-88	-88	-67	-88	-82	-84
-36	-51	-45	-63	-62	-68	-74	-74	-73	-73	-84	-83	-81	-65	-83	-81	-81	-87	-83	-83	-86	-88	-89	-86	-87	-88	-88	-87	-88	-88	-84	-67	-88	-82	-84
-36	-51	-45	-63	-62	-68	-74	-74	-73	-73	-84	-83	-81	-65	-83	-81	-81	-87	-83	-83	-86	-88	-89	-86	-87	-88	-88	-87	-88	-88	-84	-67	-88	-82	-84
-36	-51	-45	-63	-62	-67	-73	-72	-73	-72	-82	-82	-81	-66	-82	-81	-82	-87	-83	-83	-84	-88	-89	-86	-87	-88	-88	-88	-88	-84	-67	-88	-82	-84	-92
-36	-51	-45	-63	-62	-67	-73	-72	-73	-72	-82	-82	-81	-66	-82	-81	-82	-87	-83	-83	-84	-88	-89	-86	-87	-88	-88	-88	-88	-84	-67	-88	-82	-84	-92
-36	-50	-46	-62	-63	-68	-73	-70	-71	-70	-83	-82	-82	-67	-82	-81	-82	-87	-83	-83	-85	-87	-89	-86	-87	-89	-88	-84	-67	-88	-82	-84	-92
-36	-50	-46	-62	-63	-68	-73	-70	-71	-70	-83	-82	-82	-67	-82	-81	-82	-87	-83	-83	-85	-87	-89	-86	-87	-89	-88	-84	-67	-88	-82	-84	-92
-41	-55	-47	-60	-62	-66	-72	-70	-71	-69	-80	-80	-79	-68	-82	-79	-82	-86	-82	-83	-85	-87	-88	-86	-87	-89	-88	-84	-67	-80	-84	-92	-87
-41	-55	-47	-60	-62	-66	-72	-70	-71	-69	-80	-80	-79	-68	-82	-79	-82	-86	-82	-83	-85	-87	-88	-86	-87	-89	-88	-84	-67	-80	-84	-92	-87
-44	-52	-52	-60	-62	-65	-72	-70	-69	-69	-80	-81	-80	-69	-77	-79	-82	-83	-82	-83	-85	-86	-88	-87	-87	-89	-88	-84	-67	-80	-85	-92	-87
-44	-52	-52	-60	-62	-65	-72	-70	-69	-69	-80	-81	-80	-69	-77	-79	-82	-83	-82	-83	-85	-86	-88	-87	-87	-89	-88	-84	-67	-80	-85	-92	-87
-46	-49	-53	-60	-61	-65	-71	-68	-68	-68	-79	-79	-77	-72	-76	-78	-83	-82	-82	-83	-86	-86	-88	-87	-87	-89	-88	-85	-67	-79	-85	-91	-87
-46	-48	-53	-60	-60	-62	-69	-69	-70	-71	-73	-78	-79	-79	-79	-78	-83	-79	-79	-85	-86	-82	-83	-86	-91	-87	-87	-87	-88	-88	-88	-89
-46	-48	-53	-60	-60	-62	-69	-69	-70	-71	-73	-78	-79	-79	-79	-78	-83	-79	-79	-85	-86	-82	-83	-86	-91	-87	-87	-87	-88	-88	-88	-89
-46	-48	-55	-57	-60	-61	-67	-66	-68	-68	-74	-77	-77	-77	-79	-76	-83	-79	-75	-85	-86	-82	-83	-86	-90	-87	-87	-87	-88	-88	-88	-89
-46	-48	-55	-57	-60	-61	-67	-66	-68	-68	-74	-77	-77	-77	-79	-76	-83	-79	-75	-85	-86	-82	-83	-86	-90	-87	-87	-87	-88	-88	-88	-89
-46	-48	-59	-56	-59	-62	-67	-66	-67	-67	-77	-77	-77	-77	-78	-76	-83	-79	-75	-85	-86	-82	-83	-86	-90	-87	-87	-87	-88	-88	-88	-89
-46	-48	-59	-56	-59	-62	-67	-66	-67	-67	-77	-77	-77	-77	-78	-76	-83	-79	-75	-85	-86	-82	-83	-86	-90	-87	-87	-87	-88	-88	-88	-89
-45	-50	-59	-55	-58	-61	-67	-66	-67	-67	-77	-75	-75	-75	-77	-74	-83	-79	-78	-85	-86	-82	-83	-88	-90	-87	-87	-87	-88	-88	-88	-89
-45	-50	-59	-55	-58	-61	-67	-66	-67	-67	-77	-75	-75	-75	-77	-74	-83	-79	-78	-85	-86	-82	-83	-88	-90	-87	-87	-87	-88	-88	-88	-89
-43	-47	-58	-56	-58	-61	-66	-67	-67	-67	-78	-75	-75	-76	-77	-73	-83	-80	-78	-85	-86	-82	-83	-88	-90	-87	-87	-87	-88	-88	-89	-86
-43	-47	-58	-56	-58	-61	-66	-67	-67	-67	-78	-75	-75	-76	-77	-73	-83	-80	-78	-85	-86	-82	-83	-88	-90	-87	-87	-87	-88	-88	-89	-86
-42	-48	-58	-56	-59	-63	-66	-67	-67	-67	-79	-75	-75	-76	-77	-72	-83	-81	-78	-86	-87	-82	-83	-87	-90	-87	-87	-87	-88	-88	-86
-42	-48	-58	-56	-59	-63	-66	-67	-67	-67	-79	-75	-75	-76	-77	-72	-83	-81	-78	-86	-87	-82	-83	-87	-90	-87	-87	-87	-88	-88	-86
-42	-48	-57	-58	-59	-62	-66	-65	-67	-67	-79	-75	-76	-76	-77	-73	-84	-83	-79	-86	-86	-84	-82	-87	-90	-88	-87	-89	-86	-89
-42	-48	-57	-58	-59	-62	-66	-65	-67	-67	-79	-75	-76	-76	-77	-73	-84	-83	-79	-86	-86	-84	-82	-87	-90	-88	-87	-89	-86	-89
-42	-48	-58	-57	-59	-62	-60	-62	-65	-62	-80	-75	-76	-76	-77	-72	-84	-80	-82	-86	-86	-84	-82	-87	-90	-89	-88	-90	-86	-89	-90
-42	-48	-58	-57	-59	-62	-60	-62	-65	-62	-80	-75	-76	-76	-77	-72	-84	-80	-82	-86	-86	-84	-82	-87	-90	-89	-88	-90	-86	-89	-90
-43	-51	-58	-58	-58	-60	-57	-58	-61	-58	-81	-75	-76	-76	-76	-71	-84	-80	-81	-86	-86	-84	-82	-87	-90	-90	-88	-90	-86	-89	-90
-43	-51	-58	-58	-58	-60	-57	-58	-61	-58	-81	-75	-76	-76	-76	-71	-84	-80	-81	-86	-86	-84	-82	-87	-90	-90	-88	-90	-86	-89	-90
-43	-50	-60	-57	-58	-60	-58	-58	-60	-58	-80	-75	-75	-76	-76	-71	-84	-79	-79	-86	-86	-84	-82	-87	-90	-90	-88	-90	-86	-89	-90
-43	-50	-60	-57	-58	-60	-58	-58	-60	-58	-80	-75	-75	-76	-76	-71	-84	-79	-79	-86	-86	-84	-82	-87	-90	-90	-88	-90	-86	-89	-90
-44	-50	-58	-57	-58	-65	-56	-55	-59	-56	-80	-75	-75	-76	-76	-67	-84	-80	-81	-86	-86	-85	-82	-87	-90	-90	-88	-90	-86	-89	-90
-44	-50	-58	-57	-58	-65	-56	-55	-59	-56	-80	-75	-75	-76	-76	-67	-84	-80	-81	-86	-86	-85	-82	-87	-90	-90	-88	-90	-86	-89	-90
-44	-55	-56	-54	-57	-65	-54	-54	-57	-54	-80	-75	-75	-75	-75	-67	-84	-81	-80	-83	-86	-85	-82	-85	-90	-90	-87	-90	-82	-89	-89
-44	-55	-56	-54	-57	-65	-54	-54	-57	-54	-80	-75	-75	-75	-75	-67	-84	-81	-80	-83	-86	-85	-82	-85	-90	-90	-87	-90	-82	-89	-89
-44	-53	-58	-56	-57	-64	-56	-56	-57	-55	-80	-73	-72	-73	-75	-66	-84	-81	-80	-83	-86	-85	-82	-85	-90	-90	-87	-90	-83	-89	-89	-66	-66	-74
-44	-53	-58	-56	-57	-64	-56	-56	-57	-55	-80	-73	-72	-73	-75	-66	-84	-81	-80	-83	-86	-85	-82	-85	-90	-90	-87	-90	-83	-89	-89	-66	-66	-74
-45	-53	-59	-56	-55	-64	-56	-56	-56	-55	-80	-72	-71	-72	-75	-66	-84	-81	-80	-83	-86	-85	-82	-86	-87	-90	-87	-89	-83	-89	-89	-66	-66	-74
-45	-53	-59	-56	-55	-64	-56	-56	-56	-55	-80	-72	-71	-72	-75	-66	-84	-81	-80	-83	-86	-85	-82	-86	-87	-90	-87	-89	-83	-89	-89	-66	-66	-74
-48	-54	-58	-56	-55	-62	-57	-56	-56	-56	-80	-72	-71	-72	-75	-64	-84	-80	-80	-83	-86	-85	-82	-86	-87	-90	-87	-89	-83	-89	-89	-66	-66	-74
-49	-52	-53	-54	-57	-57	-58	-58	-58	-62	-62	-75	-74	-75	-76	-77	-74	-83	-80	-81	-86	-86	-84	-86	-88	-88	-88	-89
-49	-52	-53	-54	-57	-57	-58	-58	-58	-62	-62	-75	-74	-75	-76	-77	-74	-83	-80	-81	-86	-86	-84	-86	-88	-88	-88	-89
-47	-51	-54	-53	-57	-55	-55	-57	-56	-68	-61	-75	-74	-75	-76	-75	-71	-83	-80	-80	-86	-86	-84	-86	-85	-87	-84	-89	-82
-47	-51	-54	-53	-57	-55	-55	-57	-56	-68	-61	-75	-74	-75	-76	-75	-71	-83	-80	-80	-86	-86	-84	-86	-85	-87	-84	-89	-82
-47	-55	-53	-54	-54	-54	-55	-57	-56	-68	-62	-74	-74	-75	-76	-75	-73	-83	-80	-80	-86	-86	-84	-86	-84	-86	-84	-88	-81	-67	-83
-47	-55	-53	-54	-54	-54	-55	-57	-56	-68	-62	-74	-74	-75	-76	-75	-73	-83	-80	-80	-86	-86	-84	-86	-84	-86	-84	-88	-81	-67	-83
-48	-55	-56	-54	-55	-57	-56	-58	-57	-67	-59	-74	-74	-75	-76	-75	-72	-83	-81	-80	-86	-86	-84	-86	-84	-87	-85	-88	-82	-67	-83
-48	-55	-56	-54	-55	-57	-56	-58	-57	-67	-59	-74	-74	-75	-76	-75	-72	-83	-81	-80	-86	-86	-84	-86	-84	-87	-85	-88	-82	-67	-83
-49	-55	-59	-54	-56	-56	-56	-57	-55	-68	-58	-74	-74	-75	-76	-75	-77	-83	-81	-81	-86	-86	-81	-85	-85	-87	-86	-88	-82	-67	-83	-87
-49	-55	-59	-54	-56	-56	-56	-57	-55	-68	-58	-74	-74	-75	-76	-75	-77	-83	-81	-81	-86	-86	-81	-85	-85	-87	-86	-88	-82	-67	-83	-87
-48	-54	-55	-54	-60	-56	-58	-57	-57	-68	-58	-74	-74	-76	-76	-75	-73	-83	-80	-83	-86	-87	-82	-85	-86	-87	-88	-88	-82	-67	-83	-87	-82	-84
-45	-54	-56	-56	-56	-57	-57	-58	-60	-62	-66	-74	-67	-75	-76	-76	-79	-76	-83	-84	-80	-82	-82	-82	-87	-87	-83	-84	-85	-87	-87	-88	-88	-88
-45	-54	-56	-56	-56	-57	-57	-58	-60	-62	-66	-74	-67	-75	-76	-76	-79	-76	-83	-84	-80	-82	-82	-82	-87	-87	-83	-84	-85	-87	-87	-88	-88	-88
-44	-53	-55	-57	-56	-54	-57	-56	-59	-62	-66	-74	-67	-75	-76	-76	-79	-73	-84	-84	-81	-82	-82	-84	-87	-87	-82	-84	-85	-87	-87	-88	-87	-88
-44	-53	-55	-57	-56	-54	-57	-56	-59	-62	-66	-74	-67	-75	-76	-76	-79	-73	-84	-84	-81	-82	-82	-84	-87	-87	-82	-84	-85	-87	-87	-88	-87	-88
-46	-54	-55	-61	-60	-60	-59	-55	-58	-62	-68	-73	-67	-72	-73	-74	-80	-76	-84	-84	-80	-84	-83	-84	-87	-87	-80	-84	-85	-87	-87	-88	-87	-88
-46	-54	-55	-61	-60	-60	-59	-55	-58	-62	-68	-73	-67	-72	-73	-74	-80	-76	-84	-84	-80	-84	-83	-84	-87	-87	-80	-84	-85	-87	-87	-88	-87	-88
-46	-56	-56	-61	-61	-61	-60	-52	-55	-64	-70	-73	-67	-72	-72	-72	-80	-76	-84	-84	-80	-84	-83	-84	-88	-87	-80	-84	-85	-87	-87	-88	-88	-88
-46	-56	-56	-61	-61	-61	-60	-52	-55	-64	-70	-73	-67	-72	-72	-72	-80	-76	-84	-84	-80	-84	-83	-84	-88	-87	-80	-84	-85	-87	-87	-88	-88	-88
-46	-57	-58	-62	-64	-63	-61	-52	-55	-62	-70	-72	-67	-70	-70	-71	-80	-78	-84	-84	-80	-84	-83	-85	-88	-87	-78	-84	-85	-87	-87	-88	-88	-88	-48
-46	-57	-58	-62	-64	-63	-61	-52	-55	-62	-70	-72	-67	-70	-70	-71	-80	-78	-84	-84	-80	-84	-83	-85	-88	-87	-78	-84	-85	-87	-87	-88	-88	-88	-48
-48	-58	-59	-63	-64	-64	-63	-52	-55	-61	-70	-72	-67	-70	-70	-71	-80	-78	-84	-84	-80	-86	-83	-85	-88	-87	-78	-84	-85	-87	-87	-88	-88	-88	-48
-48	-58	-59	-63	-64	-64	-63	-52	-55	-61	-70	-72	-67	-70	-70	-71	-80	-78	-84	-84	-80	-86	-83	-85	-88	-87	-78	-84	-85	-87	-87	-88	-88	-88	-48
-49	-60	-61	-64	-64	-64	-65	-52	-55	-61	-68	-72	-67	-70	-70	-70	-80	-78	-84	-84	-80	-86	-83	-85	-88	-88	-76	-84	-85	-87	-87	-88	-88	-88	-48
-49	-60	-61	-64	-64	-64	-65	-52	-55	-61	-68	-72	-67	-70	-70	-70	-80	-78	-84	-84	-80	-86	-83	-85	-88	-88	-76	-84	-85	-87	-87	-88	-88	-88	-48
-52	-54	-56	-61	-61	-63	-48	-69	-70	-70	-66	-67	-72	-68	-69	-69	-80	-76	-84	-84	-81	-81	-83	-88	-88	-84	-84	-85	-86	-87	-88	-88	-88
-52	-54	-56	-61	-61	-63	-48	-69	-70	-70	-66	-67	-72	-68	-69	-69	-80	-76	-84	-84	-81	-81	-83	-88	-88	-84	-84	-85	-86	-87	-88	-88	-88
-52	-57	-56	-62	-63	-61	-48	-69	-70	-70	-67	-67	-72	-68	-68	-68	-81	-74	-84	-84	-82	-82	-83	-88	-88	-84	-84	-85	-86	-87	-88	-88	-88
-52	-57	-56	-62	-63	-61	-48	-69	-70	-70	-67	-67	-72	-68	-68	-68	-81	-74	-84	-84	-82	-82	-83	-88	-88	-84	-84	-85	-86	-87	-88	-88	-88
-52	-57	-58	-62	-63	-59	-48	-69	-70	-70	-65	-68	-71	-70	-71	-70	-81	-73	-85	-83	-82	-83	-87	-88	-84	-84	-85	-86	-87	-88	-87	-88
-52	-57	-58	-62	-63	-59	-48	-69	-70	-70	-65	-68	-71	-70	-71	-70	-81	-73	-85	-83	-82	-83	-87	-88	-84	-84	-85	-86	-87	-88	-87	-88
-54	-57	-57	-63	-64	-57	-48	-67	-65	-66	-65	-69	-71	-70	-71	-70	-81	-76	-85	-83	-85	-83	-86	-88	-84	-84	-86	-87	-88	-88	-88
-54	-57	-57	-63	-64	-57	-48	-67	-65	-66	-65	-69	-71	-70	-71	-70	-81	-76	-85	-83	-85	-83	-86	-88	-84	-84	-86	-87	-88	-88	-88
-54	-60	-55	-63	-63	-59	-48	-67	-65	-66	-67	-69	-71	-69	-71	-68	-81	-78	-85	-83	-85	-83	-86	-88	-84	-84	-86	-87	-88	-88	-88	-87
-54	-60	-55	-63	-63	-59	-48	-67	-65	-66	-67	-69	-71	-69	-71	-68	-81	-78	-85	-83	-85	-83	-86	-88	-84	-84	-86	-87	-88	-88	-88	-87
-52	-60	-56	-63	-63	-58	-48	-63	-62	-62	-66	-69	-71	-69	-69	-68	-82	-76	-86	-83	-85	-85	-88	-84	-85	-85	-87	-88	-88	-89	-87
-52	-60	-56	-63	-63	-58	-48	-63	-62	-62	-66	-69	-71	-69	-69	-68	-82	-76	-86	-83	-85	-85	-88	-84	-85	-85	-87	-88	-88	-89	-87
-55	-58	-56	-63	-63	-58	-48	-63	-61	-62	-66	-68	-68	-69	-69	-69	-82	-75	-86	-83	-86	-84	-88	-84	-85	-86	-87	-88	-88	-89	-87
-55	-58	-56	-63	-63	-58	-48	-63	-61	-62	-66	-68	-68	-69	-69	-69	-82	-75	-86	-83	-86	-84	-88	-84	-85	-86	-87	-88	-88	-89	-87
-55	-59	-56	-63	-64	-58	-48	-63	-61	-62	-67	-68	-68	-69	-69	-69	-82	-75	-86	-83	-86	-84	-88	-84	-85	-86	-87	-88	-88	-89	-87
-55	-62	-62	-62	-55	-55	-59	-68	-64	-64	-69	-70	-70	-70	-70	-72	-82	-84	-86	-83	-88	-84	-85	-86	-86	-87	-87	-88	-89	-89	-89
-55	-62	-62	-62	-55	-55	-59	-68	-64	-64	-69	-70	-70	-70	-70	-72	-82	-84	-86	-83	-88	-84	-85	-86	-86	-87	-87	-88	-89	-89	-89
-55	-60	-60	-61	-53	-56	-56	-67	-66	-64	-69	-70	-70	-71	-71	-72	-82	-84	-86	-84	-88	-84	-85	-87	-86	-87	-87	-88	-89	-89	-89
-55	-60	-60	-61	-53	-56	-56	-67	-66	-64	-69	-70	-70	-71	-71	-72	-82	-84	-86	-84	-88	-84	-85	-87	-86	-87	-87	-88	-89	-89	-89
-55	-60	-59	-59	-54	-56	-59	-65	-67	-64	-69	-70	-70	-70	-73	-70	-82	-83	-86	-84	-88	-84	-85	-86	-86	-87	-87	-88	-88	-88	-89	-84
-55	-60	-59	-59	-54	-56	-59	-65	-67	-64	-69	-70	-70	-70	-73	-70	-82	-83	-86	-84	-88	-84	-85	-86	-86	-87	-87	-88	-88	-88	-89	-84
-55	-60	-59	-60	-51	-56	-59	-65	-69	-65	-70	-74	-71	-73	-73	-72	-83	-82	-86	-84	-88	-84	-85	-86	-86	-87	-82	-86	-88	-88	-89	-83	-81	-85
-55	-60	-59	-60	-51	-56	-59	-65	-69	-65	-70	-74	-71	-73	-73	-72	-83	-82	-86	-84	-88	-84	-85	-86	-86	-87	-82	-86	-88	-88	-89	-83	-81	-85
-59	-60	-59	-60	-44	-56	-61	-65	-69	-66	-71	-75	-75	-75	-73	-72	-83	-82	-86	-84	-88	-84	-85	-86	-87	-87	-82	-86	-88	-88	-89	-83	-81	-86
-59	-60	-59	-60	-44	-56	-61	-65	-69	-66	-71	-75	-75	-75	-73	-72	-83	-82	-86	-84	-88	-84	-85	-86	-87	-87	-82	-86	-88	-88	-89	-83	-81	-86
-59	-60	-60	-61	-49	-61	-65	-65	-69	-66	-73	-76	-77	-75	-74	-74	-83	-78	-86	-84	-88	-84	-85	-86	-87	-87	-82	-86	-88	-88	-89	-83	-81	-86
-59	-60	-60	-61	-49	-61	-65	-65	-69	-66	-73	-76	-77	-75	-74	-74	-83	-78	-86	-84	-88	-84	-85	-86	-87	-87	-82	-86	-88	-88	-89	-83	-81	-86
-62	-61	-61	-61	-47	-62	-65	-65	-70	-66	-74	-78	-78	-77	-75	-75	-83	-78	-86	-84	-88	-84	-85	-86	-87	-87	-82	-86	-88	-88	-83	-81	-86
-62	-61	-61	-61	-47	-62	-65	-65	-70	-66	-74	-78	-78	-77	-75	-75	-83	-78	-86	-84	-88	-84	-85	-86	-87	-87	-82	-86	-88	-88	-83	-81	-86
-62	-61	-61	-61	-49	-63	-65	-65	-70	-66	-75	-79	-79	-78	-71	-68	-83	-78	-86	-84	-88	-84	-85	-86	-87	-87	-82	-86	-88	-88	-83	-81	-86
-62	-61	-61	-61	-49	-63	-65	-65	-70	-66	-75	-79	-79	-78	-71	-68	-83	-78	-86	-84	-88	-84	-85	-86	-87	-87	-82	-86	-88	-88	-83	-81	-86
-62	-62	-62	-62	-49	-63	-65	-65	-68	-65	-75	-77	-78	-76	-71	-71	-83	-78	-86	-84	-88	-85	-86	-88	-87	-82	-86	-88	-88	-83	-81	-86
-62	-62	-62	-62	-49	-63	-65	-65	-68	-65	-75	-77	-78	-76	-71	-71	-83	-78	-86	-84	-88	-85	-86	-88	-87	-82	-86	-88	-88	-83	-81	-86
-62	-60	-60	-61	-53	-63	-64	-63	-69	-66	-75	-76	-75	-74	-71	-71	-83	-78	-86	-85	-88	-86	-88	-87	-82	-86	-88	-88	-83	-81	-86
-62	-60	-60	-61	-53	-63	-64	-63	-69	-66	-75	-76	-75	-74	-71	-71	-83	-78	-86	-85	-88	-86	-88	-87	-82	-86	-88	-88	-83	-81	-86
-62	-62	-62	-62	-53	-63	-65	-63	-70	-66	-74	-74	-74	-74	-73	-68	-83	-78	-86	-85	-88	-86	-88	-87	-82	-86	-88	-88	-83	-81	-86	-59	-84
-62	-62	-62	-62	-53	-63	-65	-63	-70	-66	-74	-74	-74	-74	-73	-68	-83	-78	-86	-85	-88	-86	-88	-87	-82	-86	-88	-88	-83	-81	-86	-59	-84
-62	-62	-62	-62	-55	-63	-67	-63	-70	-66	-74	-74	-73	-74	-71	-67	-83	-79	-86	-85	-88	-88	-82	-86	-83	-81	-86	-59	-84	-82	-88
-62	-62	-62	-62	-55	-63	-67	-63	-70	-66	-74	-74	-73	-74	-71	-67	-83	-79	-86	-85	-88	-88	-82	-86	-83	-81	-86	-59	-84	-82	-88
-62	-61	-61	-61	-53	-62	-66	-62	-70	-67	-74	-74	-73	-74	-70	-71	-77	-85	-88	-88	-86	-59	-84	-82	-88	-86	-87	-88
-62	-61	-61	-61	-53	-62	-66	-62	-70	-67	-74	-74	-73	-74	-70	-71	-77	-85	-88	-88	-86	-59	-84	-82	-88	-86	-87	-88
-58	-60	-60	-60	-61	-52	-62	-66	-59	-67	-67	-69	-71	-71	-77	-73	-73	-76	-82	-84	-85	-86	-86	-88	-88	-88	-88	-89
-58	-60	-60	-60	-61	-52	-62	-66	-59	-67	-67	-69	-71	-71	-77	-73	-73	-76	-82	-84	-85	-86	-86	-88	-88	-88	-88	-89
-59	-60	-60	-60	-61	-51	-62	-66	-59	-66	-65	-69	-71	-72	-77	-72	-73	-76	-82	-84	-85	-86	-86	-88	-86	-88	-88	-89	-80	-88
-59	-60	-60	-60	-61	-51	-62	-66	-59	-66	-65	-69	-71	-72	-77	-72	-73	-76	-82	-84	-85	-86	-86	-88	-86	-88	-88	-89	-80	-88
-58	-62	-62	-61	-61	-53	-64	-66	-59	-66	-62	-69	-71	-72	-77	-71	-73	-74	-82	-84	-85	-86	-86	-88	-86	-88	-88	-89	-80	-88
-58	-62	-62	-61	-61	-53	-64	-66	-59	-66	-62	-69	-71	-72	-77	-71	-73	-74	-82	-84	-85	-86	-86	-88	-86	-88	-88	-89	-80	-88
-58	-63	-62	-61	-61	-55	-65	-62	-59	-66	-61	-69	-70	-69	-77	-70	-72	-75	-82	-84	-85	-87	-86	-89	-86	-88	-88	-89	-80	-88
-58	-63	-62	-61	-61	-55	-65	-62	-59	-66	-61	-69	-70	-69	-77	-70	-72	-75	-82	-84	-85	-87	-86	-89	-86	-88	-88	-89	-80	-88
-57	-64	-63	-62	-62	-56	-65	-62	-59	-66	-63	-69	-67	-66	-77	-68	-70	-74	-82	-84	-85	-87	-86	-89	-85	-88	-88	-89	-80	-88
-57	-64	-63	-62	-62	-56	-65	-62	-59	-66	-63	-69	-67	-66	-77	-68	-70	-74	-82	-84	-85	-87	-86	-89	-85	-88	-88	-89	-80	-88
-55	-66	-65	-62	-62	-56	-64	-62	-59	-66	-61	-67	-64	-65	-77	-65	-68	-74	-82	-85	-87	-86	-89	-85	-88	-88	-89	-80	-88
-55	-66	-65	-62	-62	-56	-64	-62	-59	-66	-61	-67	-64	-65	-77	-65	-68	-74	-82	-85	-87	-86	-89	-85	-88	-88	-89	-80	-88
-56	-66	-65	-62	-62	-52	-64	-63	-59	-66	-59	-65	-64	-65	-77	-65	-67	-74	-85	-87	-86	-89	-86	-88	-89	-80	-88
-56	-66	-65	-62	-62	-52	-64	-63	-59	-66	-59	-65	-64	-65	-77	-65	-67	-74	-85	-87	-86	-89	-86	-88	-89	-80	-88
-57	-64	-64	-63	-63	-52	-65	-59	-59	-64	-62	-64	-62	-62	-77	-62	-65	-75	-85	-87	-86	-89	-84	-85	-89	-81	-88	-54	-83
-52	-63	-63	-63	-64	-53	-56	-62	-62	-62	-62	-62	-63	-64	-65	-54	-78	-77	-83	-81	-81	-86	-86	-82	-84	-84	-85	-85	-86	-86	-87
-52	-63	-63	-63	-64	-53	-56	-62	-62	-62	-62	-62	-63	-64	-65	-54	-78	-77	-83	-81	-81	-86	-86	-82	-84	-84	-85	-85	-86	-86	-87
-52	-63	-64	-63	-64	-55	-52	-62	-62	-62	-62	-62	-63	-64	-65	-54	-78	-77	-83	-81	-81	-86	-87	-82	-84	-85	-85	-84	-87	-86	-86	-59
-52	-63	-64	-63	-64	-55	-52	-62	-62	-62	-62	-62	-63	-64	-65	-54	-78	-77	-83	-81	-81	-86	-87	-82	-84	-85	-85	-84	-87	-86	-86	-59
-52	-63	-64	-63	-64	-57	-54	-62	-62	-62	-62	-61	-63	-64	-65	-54	-78	-81	-83	-81	-81	-86	-87	-82	-84	-85	-86	-85	-87	-86	-86	-59
-52	-63	-64	-63	-64	-57	-54	-62	-62	-62	-62	-61	-63	-64	-65	-54	-78	-81	-83	-81	-81	-86	-87	-82	-84	-85	-86	-85	-87	-86	-86	-59
-52	-64	-64	-63	-65	-56	-54	-61	-62	-62	-63	-57	-63	-63	-65	-54	-78	-81	-83	-81	-81	-86	-87	-82	-84	-85	-84	-86	-87	-86	-85	-59
-52	-64	-64	-63	-65	-56	-54	-61	-62	-62	-63	-57	-63	-63	-65	-54	-78	-81	-83	-81	-81	-86	-87	-82	-84	-85	-84	-86	-87	-86	-85	-59
-53	-64	-64	-63	-66	-58	-52	-62	-62	-63	-63	-58	-62	-63	-65	-54	-78	-80	-83	-81	-81	-86	-87	-82	-84	-85	-84	-86	-88	-86	-85	-59	-58	-61
-53	-64	-64	-63	-66	-58	-52	-62	-62	-63	-63	-58	-62	-63	-65	-54	-78	-80	-83	-81	-81	-86	-87	-82	-84	-85	-84	-86	-88	-86	-85	-59	-58	-61
-54	-64	-64	-63	-66	-58	-52	-61	-66	-66	-65	-58	-63	-65	-65	-54	-78	-79	-82	-81	-81	-86	-87	-82	-84	-86	-84	-86	-88	-86	-86	-59	-58	-61
-54	-64	-64	-63	-66	-58	-52	-61	-66	-66	-65	-58	-63	-65	-65	-54	-78	-79	-82	-81	-81	-86	-87	-82	-84	-86	-84	-86	-88	-86	-86	-59	-58	-61
-54	-64	-64	-63	-65	-59	-52	-61	-65	-66	-65	-61	-62	-65	-65	-54	-78	-79	-82	-81	-81	-86	-87	-82	-84	-86	-84	-86	-88	-86	-87	-59	-58	-61
-54	-64	-64	-63	-65	-59	-52	-61	-65	-66	-65	-61	-62	-65	-65	-54	-78	-79	-82	-81	-81	-86	-87	-82	-84	-86	-84	-86	-88	-86	-87	-59	-58	-61
-54	-64	-64	-63	-65	-59	-52	-61	-66	-66	-66	-66	-62	-65	-65	-54	-78	-76	-82	-81	-86	-87	-83	-83	-86	-84	-86	-88	-86	-87	-59	-58	-61
-56	-66	-66	-66	-66	-55	-58	-59	-61	-62	-63	-64	-65	-65	-66	-59	-58	-61	-78	-76	-82	-82	-87	-83	-83	-86	-86	-86	-87	-88	-88
-56	-66	-66	-66	-66	-55	-58	-59	-61	-62	-63	-64	-65	-65	-66	-59	-58	-61	-78	-76	-82	-82	-87	-83	-83	-86	-86	-86	-87	-88	-88
-54	-66	-66	-66	-66	-59	-59	-58	-61	-62	-63	-64	-64	-63	-66	-59	-58	-61	-78	-76	-82	-83	-87	-83	-83	-86	-86	-86	-87	-88	-88
-54	-66	-66	-66	-66	-59	-59	-58	-61	-62	-63	-64	-64	-63	-66	-59	-58	-61	-78	-76	-82	-83	-87	-83	-83	-86	-86	-86	-87	-88	-88
-55	-67	-67	-66	-66	-54	-60	-59	-61	-62	-63	-63	-64	-63	-70	-59	-58	-61	-78	-76	-82	-83	-82	-84	-86	-86	-87	-88	-88
-55	-67	-67	-66	-66	-54	-60	-59	-61	-62	-63	-63	-64	-63	-70	-59	-58	-61	-78	-76	-82	-83	-82	-84	-86	-86	-87	-88	-88
-55	-68	-67	-67	-66	-56	-57	-55	-60	-62	-62	-62	-63	-64	-69	-59	-58	-61	-78	-76	-82	-83	-80	-84	-86	-86	-87	-88	-88
-55	-68	-67	-67	-66	-56	-57	-55	-60	-62	-62	-62	-63	-64	-69	-59	-58	-61	-78	-76	-82	-83	-80	-84	-86	-86	-87	-88	-88
-54	-68	-67	-67	-66	-57	-57	-57	-59	-60	-60	-60	-62	-64	-70	-59	-58	-61	-78	-75	-82	-83	-80	-84	-86	-86	-87	-86	-88	-85
-54	-68	-67	-67	-66	-57	-57	-57	-59	-60	-60	-60	-62	-64	-70	-59	-58	-61	-78	-75	-82	-83	-80	-84	-86	-86	-87	-86	-88	-85
-56	-68	-68	-68	-67	-60	-56	-59	-59	-60	-60	-60	-62	-66	-70	-59	-58	-61	-77	-82	-82	-79	-84	-87	-84	-86	-87	-88	-85
-56	-68	-68	-68	-67	-60	-56	-59	-59	-60	-60	-60	-62	-66	-70	-59	-58	-61	-77	-82	-82	-79	-84	-87	-84	-86	-87	-88	-85
-53	-68	-68	-69	-67	-57	-57	-59	-59	-60	-60	-60	-61	-64	-69	-59	-58	-61	-77	-82	-83	-77	-84	-87	-85	-86	-87	-87	-85	-84
-53	-68	-68	-69	-67	-57	-57	-59	-59	-60	-60	-60	-61	-64	-69	-59	-58	-61	-77	-82	-83	-77	-84	-87	-85	-86	-87	-87	-85	-84
-51	-70	-70	-69	-67	-57	-57	-59	-59	-60	-60	-60	-61	-63	-68	-59	-58	-61	-80	-82	-83	-75	-84	-87	-85	-86	-87	-87	-85	-84	-73	-86
-51	-70	-70	-69	-67	-57	-57	-59	-59	-60	-60	-60	-61	-63	-68	-59	-58	-61	-80	-82	-83	-75	-84	-87	-85	-86	-87	-87	-85	-84	-73	-86
-49	-75	-73	-71	-67	-59	-56	-56	-59	-61	-60	-60	-61	-60	-71	-59	-58	-61	-81	-82	-82	-73	-84	-86	-85	-84	-87	-87	-85	-84	-73	-86	-83	-90
-49	-75	-73	-71	-67	-59	-56	-56	-59	-61	-60	-60	-61	-60	-71	-59	-58	-61	-81	-82	-82	-73	-84	-86	-85	-84	-87	-87	-85	-84	-73	-86	-83	-90
-49	-75	-75	-73	-69	-60	-56	-56	-58	-63	-63	-62	-62	-58	-72	-59	-58	-61	-81	-83	-82	-74	-84	-86	-85	-85	-87	-87	-85	-84	-73	-86	-84	-90	-84
-49	-75	-75	-73	-69	-60	-56	-56	-58	-63	-63	-62	-62	-58	-72	-59	-58	-61	-81	-83	-82	-74	-84	-86	-85	-85	-87	-87	-85	-84	-73	-86	-84	-90	-84
-50	-75	-75	-73	-69	-62	-57	-54	-58	-65	-65	-65	-63	-55	-72	-59	-58	-61	-81	-83	-82	-74	-84	-86	-86	-85	-87	-87	-86	-84	-73	-86	-84	-90	-84
-50	-75	-75	-73	-69	-62	-57	-54	-58	-65	-65	-65	-63	-55	-72	-59	-58	-61	-81	-83	-82	-74	-84	-86	-86	-85	-87	-87	-86	-84	-73	-86	-84	-90	-84
-48	-74	-74	-73	-69	-61	-57	-57	-58	-65	-64	-65	-63	-60	-74	-59	-58	-61	-82	-83	-82	-74	-84	-86	-86	-85	-86	-87	-86	-84	-73	-86	-84	-90	-84
-48	-74	-74	-73	-69	-61	-57	-57	-58	-65	-64	-65	-63	-60	-74	-59	-58	-61	-82	-83	-82	-74	-84	-86	-86	-85	-86	-87	-86	-84	-73	-86	-84	-90	-84
-47	-74	-74	-73	-70	-61	-58	-56	-57	-64	-64	-65	-63	-58	-72	-59	-58	-61	-81	-84	-82	-75	-84	-87	-87	-86	-87	-87	-88	-85	-73	-86	-84	-90	-84
-47	-74	-74	-73	-70	-61	-58	-56	-57	-64	-64	-65	-63	-58	-72	-59	-58	-61	-81	-84	-82	-75	-84	-87	-87	-86	-87	-87	-88	-85	-73	-86	-84	-90	-84
-45	-73	-72	-72	-70	-61	-58	-53	-57	-67	-68	-67	-64	-59	-73	-59	-58	-61	-82	-84	-81	-77	-84	-87	-88	-86	-88	-87	-88	-87	-73	-86	-84	-90	-84
-45	-73	-72	-72	-70	-61	-58	-53	-57	-67	-68	-67	-64	-59	-73	-59	-58	-61	-82	-84	-81	-77	-84	-87	-88	-86	-88	-87	-88	-87	-73	-86	-84	-90	-84
-44	-74	-73	-73	-71	-59	-60	-57	-57	-65	-66	-66	-64	-56	-76	-58	-61	-83	-84	-80	-77	-84	-88	-88	-86	-88	-87	-88	-87	-73	-86	-84	-90	-84
-40	-53	-56	-57	-58	-58	-64	-66	-71	-67	-68	-74	-74	-75	-75	-76	-77	-85	-87	-83	-84	-84	-84	-85	-86	-87	-88	-88	-88	-89
-40	-53	-56	-57	-58	-58	-64	-66	-71	-67	-68	-74	-74	-75	-75	-76	-77	-85	-87	-83	-84	-84	-84	-85	-86	-87	-88	-88	-88	-89
-37	-51	-56	-57	-58	-59	-64	-67	-73	-68	-69	-74	-74	-75	-73	-80	-78	-85	-87	-83	-84	-84	-84	-86	-88	-87	-88	-88	-88	-89	-35
-37	-51	-56	-57	-58	-59	-64	-67	-73	-68	-69	-74	-74	-75	-73	-80	-78	-85	-87	-83	-84	-84	-84	-86	-88	-87	-88	-88	-88	-89	-35
-38	-51	-56	-57	-59	-59	-65	-69	-74	-69	-70	-75	-75	-78	-71	-80	-80	-85	-87	-84	-83	-84	-86	-87	-87	-88	-88	-88	-89	-35	-87	-90
-38	-51	-56	-57	-59	-59	-65	-69	-74	-69	-70	-75	-75	-78	-71	-80	-80	-85	-87	-84	-83	-84	-86	-87	-87	-88	-88	-88	-89	-35	-87	-90
-40	-51	-58	-54	-59	-64	-67	-71	-74	-72	-72	-75	-75	-78	-69	-78	-81	-85	-87	-84	-83	-84	-86	-87	-87	-88	-88	-88	-89	-35	-87	-90	-84
-40	-51	-58	-54	-59	-64	-67	-71	-74	-72	-72	-75	-75	-78	-69	-78	-81	-85	-87	-84	-83	-84	-86	-87	-87	-88	-88	-88	-89	-35	-87	-90	-84
-40	-48	-59	-52	-60	-61	-68	-71	-76	-72	-72	-76	-77	-79	-69	-79	-81	-85	-87	-84	-82	-83	-86	-87	-87	-85	-87	-87	-87	-35	-87	-90	-85
-40	-48	-59	-52	-60	-61	-68	-71	-76	-72	-72	-76	-77	-79	-69	-79	-81	-85	-87	-84	-82	-83	-86	-87	-87	-85	-87	-87	-87	-35	-87	-90	-85
-40	-45	-59	-49	-61	-63	-69	-71	-76	-72	-72	-77	-78	-79	-68	-79	-83	-86	-87	-84	-82	-84	-86	-86	-87	-86	-87	-87	-87	-35	-87	-90	-86	-85
-40	-45	-59	-49	-61	-63	-69	-71	-76	-72	-72	-77	-78	-79	-68	-79	-83	-86	-87	-84	-82	-84	-86	-86	-87	-86	-87	-87	-87	-35	-87	-90	-86	-85
-40	-44	-59	-49	-59	-63	-69	-71	-78	-72	-72	-80	-79	-81	-67	-79	-83	-86	-87	-85	-83	-84	-86	-87	-87	-86	-87	-87	-86	-35	-87	-90	-86	-85
-40	-44	-59	-49	-59	-63	-69	-71	-78	-72	-72	-80	-79	-81	-67	-79	-83	-86	-87	-85	-83	-84	-86	-87	-87	-86	-87	-87	-86	-35	-87	-90	-86	-85
-40	-44	-60	-49	-62	-62	-69	-71	-78	-71	-72	-82	-80	-83	-68	-79	-84	-86	-87	-85	-83	-84	-86	-87	-87	-86	-87	-87	-86	-35	-87	-90	-86	-86
-42	-43	-55	-61	-62	-64	-66	-70	-72	-72	-73	-78	-82	-82	-85	-86	-86	-82	-82	-87	-87	-83	-84	-85	-86	-86	-86	-87	-87	-87	-88	-88	-90
-42	-43	-55	-61	-62	-64	-66	-70	-72	-72	-73	-78	-82	-82	-85	-86	-86	-82	-82	-87	-87	-83	-84	-85	-86	-86	-86	-87	-87	-87	-88	-88	-90
-43	-43	-54	-65	-65	-70	-65	-71	-73	-75	-74	-78	-83	-83	-85	-85	-86	-82	-82	-87	-87	-82	-84	-85	-86	-86	-86	-87	-88	-87	-87	-87	-89	-82	-87	-88
-43	-43	-54	-65	-65	-70	-65	-71	-73	-75	-74	-78	-83	-83	-85	-85	-86	-82	-82	-87	-87	-82	-84	-85	-86	-86	-86	-87	-88	-87	-87	-87	-89	-82	-87	-88
-43	-43	-56	-65	-64	-71	-67	-72	-73	-75	-73	-78	-84	-83	-87	-84	-86	-82	-82	-87	-88	-82	-85	-85	-86	-86	-86	-87	-88	-88	-87	-87	-89	-83	-87	-88
-43	-43	-56	-65	-64	-71	-67	-72	-73	-75	-73	-78	-84	-83	-87	-84	-86	-82	-82	-87	-88	-82	-85	-85	-86	-86	-86	-87	-88	-88	-87	-87	-89	-83	-87	-88
-46	-42	-57	-65	-64	-71	-67	-73	-74	-75	-74	-79	-84	-83	-86	-83	-86	-82	-83	-87	-88	-83	-85	-85	-87	-86	-86	-86	-88	-88	-87	-86	-89	-83	-87	-88	-89
-46	-42	-57	-65	-64	-71	-67	-73	-74	-75	-74	-79	-84	-83	-86	-83	-86	-82	-83	-87	-88	-83	-85	-85	-87	-86	-86	-86	-88	-88	-87	-86	-89	-83	-87	-88	-89
-44	-43	-55	-65	-65	-72	-65	-72	-72	-72	-72	-79	-84	-83	-86	-82	-86	-82	-83	-87	-88	-83	-86	-86	-87	-86	-86	-86	-88	-88	-87	-86	-89	-83	-87	-88	-89	-44
-44	-43	-55	-65	-65	-72	-65	-72	-72	-72	-72	-79	-84	-83	-86	-82	-86	-82	-83	-87	-88	-83	-86	-86	-87	-86	-86	-86	-88	-88	-87	-86	-89	-83	-87	-88	-89	-44
-41	-45	-53	-65	-66	-72	-65	-71	-70	-71	-73	-79	-83	-82	-85	-82	-82	-84	-88	-83	-83	-86	-87	-86	-87	-88	-88	-87	-86	-89	-83	-87	-88	-89	-44
-41	-45	-53	-65	-66	-72	-65	-71	-70	-71	-73	-79	-83	-82	-85	-82	-82	-84	-88	-83	-83	-86	-87	-86	-87	-88	-88	-87	-86	-89	-83	-87	-88	-89	-44
-39	-43	-51	-65	-65	-69	-66	-71	-70	-70	-71	-79	-83	-82	-83	-83	-82	-84	-88	-83	-84	-86	-86	-86	-87	-87	-88	-87	-86	-89	-83	-87	-88	-89	-44
-39	-43	-51	-65	-65	-69	-66	-71	-70	-70	-71	-79	-83	-82	-83	-83	-82	-84	-88	-83	-84	-86	-86	-86	-87	-87	-88	-87	-86	-89	-83	-87	-88	-89	-44
-38	-44	-51	-64	-61	-68	-66	-69	-69	-69	-68	-80	-83	-82	-83	-83	-82	-83	-88	-83	-83	-86	-87	-86	-88	-87	-88	-87	-87	-89	-83	-87	-88	-89	-44	-90
-40	-48	-49	-60	-62	-44	-67	-68	-68	-69	-69	-70	-80	-82	-83	-83	-83	-79	-84	-83	-83	-83	-88	-89	-90	-86	-86	-86	-87	-87	-87	-88	-88	-88	-88	-89
-40	-48	-49	-60	-62	-44	-67	-68	-68	-69	-69	-70	-80	-82	-83	-83	-83	-79	-84	-83	-83	-83	-88	-89	-90	-86	-86	-86	-87	-87	-87	-88	-88	-88	-88	-89
-40	-51	-53	-58	-61	-44	-66	-65	-69	-66	-67	-69	-80	-82	-83	-83	-83	-77	-84	-80	-83	-83	-88	-89	-90	-86	-86	-86	-87	-88	-87	-88	-88	-88	-87	-89	-87
-40	-51	-53	-58	-61	-44	-66	-65	-69	-66	-67	-69	-80	-82	-83	-83	-83	-77	-84	-80	-83	-83	-88	-89	-90	-86	-86	-86	-87	-88	-87	-88	-88	-88	-87	-89	-87
-40	-51	-55	-56	-58	-44	-61	-66	-71	-66	-67	-69	-80	-82	-82	-83	-83	-77	-84	-79	-83	-83	-89	-90	-85	-87	-86	-89	-88	-87	-88	-88	-88	-87	-87	-64	-65	-82
-40	-51	-55	-56	-58	-44	-61	-66	-71	-66	-67	-69	-80	-82	-82	-83	-83	-77	-84	-79	-83	-83	-89	-90	-85	-87	-86	-89	-88	-87	-88	-88	-88	-87	-87	-64	-65	-82
-40	-48	-54	-54	-57	-44	-62	-65	-72	-65	-64	-69	-80	-82	-80	-82	-77	-84	-77	-83	-83	-90	-85	-89	-86	-89	-88	-87	-87	-88	-88	-87	-87	-64	-65	-82
-40	-48	-54	-54	-57	-44	-62	-65	-72	-65	-64	-69	-80	-82	-80	-82	-77	-84	-77	-83	-83	-90	-85	-89	-86	-89	-88	-87	-87	-88	-88	-87	-87	-64	-65	-82
-42	-50	-54	-55	-56	-44	-63	-64	-72	-64	-63	-68	-79	-81	-77	-80	-76	-84	-77	-83	-83	-90	-85	-88	-86	-89	-88	-87	-87	-88	-88	-87	-87	-64	-65	-84	-79
-42	-50	-54	-55	-56	-44	-63	-64	-72	-64	-63	-68	-79	-81	-77	-80	-76	-84	-77	-83	-83	-90	-85	-88	-86	-89	-88	-87	-87	-88	-88	-87	-87	-64	-65	-84	-79
-40	-48	-53	-55	-56	-44	-64	-62	-72	-61	-62	-66	-79	-80	-77	-79	-76	-84	-78	-83	-83	-90	-84	-88	-86	-89	-88	-87	-87	-88	-88	-87	-87	-64	-65	-84	-79
-40	-48	-53	-55	-56	-44	-64	-62	-72	-61	-62	-66	-79	-80	-77	-79	-76	-84	-78	-83	-83	-90	-84	-88	-86	-89	-88	-87	-87	-88	-88	-87	-87	-64	-65	-84	-79
-40	-48	-54	-54	-56	-47	-64	-64	-72	-63	-63	-66	-79	-78	-77	-79	-77	-84	-77	-83	-83	-90	-86	-88	-86	-89	-88	-87	-87	-88	-88	-87	-87	-64	-65	-84	-79	-82
-40	-48	-54	-54	-56	-47	-64	-64	-72	-63	-63	-66	-79	-78	-77	-79	-77	-84	-77	-83	-83	-90	-86	-88	-86	-89	-88	-87	-87	-88	-88	-87	-87	-64	-65	-84	-79	-82
-42	-53	-55	-56	-56	-64	-64	-64	-65	-66	-47	-64	-65	-74	-79	-79	-80	-80	-80	-78	-83	-84	-80	-82	-87	-84	-84	-89	-85	-86	-86	-86	-87	-87	-87
-42	-53	-55	-56	-56	-64	-64	-64	-65	-66	-47	-64	-65	-74	-79	-79	-80	-80	-80	-78	-83	-84	-80	-82	-87	-84	-84	-89	-85	-86	-86	-86	-87	-87	-87
-41	-53	-57	-56	-54	-66	-67	-65	-65	-67	-47	-64	-65	-74	-79	-79	-80	-79	-80	-79	-83	-84	-81	-82	-87	-84	-84	-89	-85	-86	-85	-86	-84	-87	-78
-41	-53	-57	-56	-54	-66	-67	-65	-65	-67	-47	-64	-65	-74	-79	-79	-80	-79	-80	-79	-83	-84	-81	-82	-87	-84	-84	-89	-85	-86	-85	-86	-84	-87	-78
-43	-53	-55	-55	-54	-63	-63	-63	-66	-66	-47	-64	-65	-75	-80	-79	-82	-80	-80	-79	-83	-84	-78	-82	-87	-84	-85	-89	-84	-86	-85	-85	-84	-87	-78
-43	-53	-55	-55	-54	-63	-63	-63	-66	-66	-47	-64	-65	-75	-80	-79	-82	-80	-80	-79	-83	-84	-78	-82	-87	-84	-85	-89	-84	-86	-85	-85	-84	-87	-78
-45	-52	-56	-56	-56	-63	-63	-63	-65	-65	-47	-64	-65	-75	-80	-79	-82	-81	-80	-79	-83	-85	-79	-82	-87	-84	-85	-89	-84	-86	-85	-85	-84	-87	-78	-82
-45	-52	-56	-56	-56	-63	-63	-63	-65	-65	-47	-64	-65	-75	-80	-79	-82	-81	-80	-79	-83	-85	-79	-82	-87	-84	-85	-89	-84	-86	-85	-85	-84	-87	-78	-82
-44	-52	-57	-56	-54	-63	-64	-64	-66	-65	-47	-64	-65	-74	-80	-79	-82	-81	-80	-79	-83	-85	-79	-82	-87	-84	-85	-89	-84	-86	-85	-85	-85	-87	-78	-83
-44	-52	-57	-56	-54	-63	-64	-64	-66	-65	-47	-64	-65	-74	-80	-79	-82	-81	-80	-79	-83	-85	-79	-82	-87	-84	-85	-89	-84	-86	-85	-85	-85	-87	-78	-83
-42	-50	-58	-58	-51	-67	-67	-68	-64	-66	-47	-64	-65	-74	-80	-82	-81	-80	-80	-83	-85	-80	-82	-87	-84	-85	-88	-84	-86	-86	-85	-85	-87	-78	-83	-75	-90
-42	-50	-58	-58	-51	-67	-67	-68	-64	-66	-47	-64	-65	-74	-80	-82	-81	-80	-80	-83	-85	-80	-82	-87	-84	-85	-88	-84	-86	-86	-85	-85	-87	-78	-83	-75	-90
-41	-50	-60	-58	-51	-68	-68	-69	-63	-67	-47	-64	-65	-74	-80	-82	-81	-80	-76	-83	-85	-77	-82	-87	-84	-85	-88	-86	-85	-86	-85	-86	-87	-78	-83	-75	-90
-41	-50	-60	-58	-51	-68	-68	-69	-63	-67	-47	-64	-65	-74	-80	-82	-81	-80	-76	-83	-85	-77	-82	-87	-84	-85	-88	-86	-85	-86	-85	-86	-87	-78	-83	-75	-90
-39	-51	-59	-58	-54	-66	-66	-66	-62	-67	-47	-64	-65	-74	-79	-81	-79	-80	-76	-83	-85	-77	-82	-87	-84	-85	-88	-87	-84	-86	-85	-87	-87	-78	-83	-75	-90
-39	-51	-59	-58	-54	-66	-66	-66	-62	-67	-47	-64	-65	-74	-79	-81	-79	-80	-76	-83	-85	-77	-82	-87	-84	-85	-88	-87	-84	-86	-85	-87	-87	-78	-83	-75	-90
-37	-50	-59	-58	-55	-67	-68	-68	-62	-66	-47	-64	-65	-74	-79	-81	-79	-80	-74	-83	-85	-77	-82	-87	-84	-85	-88	-88	-83	-86	-85	-88	-87	-78	-84	-75	-90
-37	-50	-59	-58	-55	-67	-68	-68	-62	-66	-47	-64	-65	-74	-79	-81	-79	-80	-74	-83	-85	-77	-82	-87	-84	-85	-88	-88	-83	-86	-85	-88	-87	-78	-84	-75	-90
-38	-50	-58	-58	-53	-67	-69	-69	-62	-67	-47	-64	-65	-74	-79	-79	-79	-80	-74	-83	-85	-78	-82	-84	-85	-88	-86	-84	-86	-85	-88	-87	-78	-84	-75	-90	-87
-38	-50	-58	-58	-53	-67	-69	-69	-62	-67	-47	-64	-65	-74	-79	-79	-79	-80	-74	-83	-85	-78	-82	-84	-85	-88	-86	-84	-86	-85	-88	-87	-78	-84	-75	-90	-87
-41	-52	-56	-57	-52	-68	-70	-68	-62	-67	-47	-64	-65	-74	-79	-79	-79	-80	-74	-84	-85	-75	-82	-84	-85	-88	-87	-84	-86	-85	-88	-87	-84	-75	-90	-87
-41	-52	-56	-57	-52	-68	-70	-68	-62	-67	-47	-64	-65	-74	-79	-79	-79	-80	-74	-84	-85	-75	-82	-84	-85	-88	-87	-84	-86	-85	-88	-87	-84	-75	-90	-87
-41	-52	-56	-56	-53	-68	-69	-68	-63	-67	-47	-64	-65	-75	-79	-78	-78	-80	-77	-84	-85	-77	-82	-84	-88	-88	-84	-86	-85	-88	-87	-84	-75	-90	-87	-90
-41	-52	-56	-56	-53	-68	-69	-68	-63	-67	-47	-64	-65	-75	-79	-78	-78	-80	-77	-84	-85	-77	-82	-84	-88	-88	-84	-86	-85	-88	-87	-84	-75	-90	-87	-90
-43	-52	-58	-57	-53	-69	-71	-70	-64	-68	-47	-64	-65	-76	-79	-79	-78	-80	-78	-85	-76	-86	-84	-88	-88	-83	-86	-86	-88	-87	-84	-75	-90	-87	-90	-88
-43	-52	-58	-57	-53	-69	-71	-70	-64	-68	-47	-64	-65	-76	-79	-79	-78	-80	-78	-85	-76	-86	-84	-88	-88	-83	-86	-86	-88	-87	-84	-75	-90	-87	-90	-88
-43	-48	-56	-57	-53	-67	-69	-69	-64	-68	-47	-64	-65	-77	-78	-78	-78	-79	-78	-85	-76	-87	-84	-88	-89	-83	-86	-87	-88	-87	-84	-75	-90	-87	-90	-88	-86
-43	-48	-56	-57	-53	-67	-69	-69	-64	-68	-47	-64	-65	-77	-78	-78	-78	-79	-78	-85	-76	-87	-84	-88	-89	-83	-86	-87	-88	-87	-84	-75	-90	-87	-90	-88	-86
-43	-48	-57	-57	-55	-66	-68	-66	-63	-67	-47	-64	-65	-78	-77	-77	-76	-78	-78	-85	-73	-87	-84	-88	-89	-82	-86	-87	-88	-84	-75	-90	-87	-90	-88	-86	-89
-43	-48	-57	-57	-55	-66	-68	-66	-63	-67	-47	-64	-65	-78	-77	-77	-76	-78	-78	-85	-73	-87	-84	-88	-89	-82	-86	-87	-88	-84	-75	-90	-87	-90	-88	-86	-89
-42	-48	-58	-58	-56	-66	-67	-66	-62	-67	-47	-64	-65	-78	-77	-77	-76	-78	-77	-85	-73	-87	-84	-88	-89	-82	-86	-87	-88	-84	-75	-90	-87	-90	-88	-86	-89	-36
-42	-48	-58	-58	-56	-66	-67	-66	-62	-67	-47	-64	-65	-78	-77	-77	-76	-78	-77	-85	-73	-87	-84	-88	-89	-82	-86	-87	-88	-84	-75	-90	-87	-90	-88	-86	-89	-36
-42	-49	-58	-58	-56	-68	-68	-67	-63	-67	-47	-64	-77	-77	-77	-76	-78	-77	-85	-73	-87	-83	-88	-90	-83	-86	-87	-88	-85	-75	-90	-87	-90	-88	-86	-89	-36	-90
-42	-49	-58	-58	-56	-68	-68	-67	-63	-67	-47	-64	-77	-77	-77	-76	-78	-77	-85	-73	-87	-83	-88	-90	-83	-86	-87	-88	-85	-75	-90	-87	-90	-88	-86	-89	-36	-90
-40	-49	-58	-57	-56	-68	-67	-67	-62	-67	-47	-64	-77	-77	-77	-76	-78	-74	-85	-73	-87	-84	-87	-90	-84	-85	-87	-87	-85	-75	-90	-87	-90	-87	-86	-89	-36	-90	-88
-40	-49	-58	-57	-56	-68	-67	-67	-62	-67	-47	-64	-77	-77	-77	-76	-78	-74	-85	-73	-87	-84	-87	-90	-84	-85	-87	-87	-85	-75	-90	-87	-90	-87	-86	-89	-36	-90	-88
-42	-51	-58	-57	-58	-67	-67	-67	-62	-67	-47	-64	-78	-76	-76	-74	-78	-74	-85	-75	-87	-85	-87	-89	-83	-85	-87	-87	-85	-75	-87	-90	-87	-86	-89	-36	-90	-88
-42	-51	-58	-57	-58	-67	-67	-67	-62	-67	-47	-64	-78	-76	-76	-74	-78	-74	-85	-75	-87	-85	-87	-89	-83	-85	-87	-87	-85	-75	-87	-90	-87	-86	-89	-36	-90	-88
-43	-54	-58	-57	-58	-67	-67	-67	-62	-67	-47	-64	-78	-76	-76	-74	-78	-73	-85	-75	-86	-85	-87	-89	-83	-85	-87	-87	-85	-75	-90	-87	-86	-88	-36	-90	-88
-51	-53	-53	-54	-55	-57	-59	-60	-54	-58	-65	-52	-65	-73	-73	-74	-73	-79	-76	-82	-78	-85	-85	-84	-84	-84	-86	-86	-86	-88	-89	-64	-65	-69
-51	-53	-53	-54	-55	-57	-59	-60	-54	-58	-65	-52	-65	-73	-73	-74	-73	-79	-76	-82	-78	-85	-85	-84	-84	-84	-86	-86	-86	-88	-89	-64	-65	-69
-50	-54	-53	-54	-55	-54	-58	-63	-60	-58	-65	-52	-65	-73	-73	-74	-73	-79	-76	-82	-77	-85	-84	-84	-84	-84	-86	-86	-86	-88	-89	-64	-65	-69
-50	-54	-53	-54	-55	-54	-58	-63	-60	-58	-65	-52	-65	-73	-73	-74	-73	-79	-76	-82	-77	-85	-84	-84	-84	-84	-86	-86	-86	-88	-89	-64	-65	-69
-50	-56	-56	-57	-56	-54	-57	-66	-59	-56	-65	-52	-65	-73	-74	-74	-73	-79	-76	-83	-76	-85	-83	-84	-84	-84	-86	-86	-86	-88	-87	-64	-65	-69	-90
-50	-56	-56	-57	-56	-54	-57	-66	-59	-56	-65	-52	-65	-73	-74	-74	-73	-79	-76	-83	-76	-85	-83	-84	-84	-84	-86	-86	-86	-88	-87	-64	-65	-69	-90
-49	-55	-55	-56	-56	-54	-57	-68	-61	-54	-64	-52	-65	-73	-74	-74	-73	-79	-76	-83	-75	-85	-82	-83	-84	-84	-86	-86	-86	-88	-87	-64	-65	-69	-90
-49	-55	-55	-56	-56	-54	-57	-68	-61	-54	-64	-52	-65	-73	-74	-74	-73	-79	-76	-83	-75	-85	-82	-83	-84	-84	-86	-86	-86	-88	-87	-64	-65	-69	-90
-47	-57	-58	-58	-56	-53	-56	-69	-61	-55	-63	-52	-65	-74	-74	-74	-73	-79	-79	-84	-75	-85	-81	-83	-84	-84	-86	-86	-86	-87	-87	-64	-65	-69	-89
-47	-57	-58	-58	-56	-53	-56	-69	-61	-55	-63	-52	-65	-74	-74	-74	-73	-79	-79	-84	-75	-85	-81	-83	-84	-84	-86	-86	-86	-87	-87	-64	-65	-69	-89
-44	-61	-63	-61	-59	-56	-58	-70	-66	-58	-58	-52	-65	-74	-74	-74	-73	-79	-80	-84	-75	-85	-81	-82	-84	-84	-86	-86	-86	-87	-87	-64	-65	-69	-89
-44	-61	-63	-61	-59	-56	-58	-70	-66	-58	-58	-52	-65	-74	-74	-74	-73	-79	-80	-84	-75	-85	-81	-82	-84	-84	-86	-86	-86	-87	-87	-64	-65	-69	-89
-46	-63	-64	-64	-60	-56	-58	-71	-66	-53	-55	-52	-65	-77	-76	-76	-79	-84	-80	-84	-73	-84	-81	-82	-84	-84	-86	-86	-86	-87	-87	-64	-65	-69	-89	-87
-46	-63	-64	-64	-60	-56	-58	-71	-66	-53	-55	-52	-65	-77	-76	-76	-79	-84	-80	-84	-73	-84	-81	-82	-84	-84	-86	-86	-86	-87	-87	-64	-65	-69	-89	-87
-48	-64	-64	-64	-61	-59	-59	-71	-65	-50	-55	-52	-65	-75	-74	-75	-78	-84	-77	-84	-77	-82	-81	-82	-84	-84	-87	-86	-87	-87	-64	-65	-69	-89	-87	-68	-82	-83
-48	-64	-64	-64	-61	-59	-59	-71	-65	-50	-55	-52	-65	-75	-74	-75	-78	-84	-77	-84	-77	-82	-81	-82	-84	-84	-87	-86	-87	-87	-64	-65	-69	-89	-87	-68	-82	-83
-51	-61	-64	-64	-62	-59	-59	-73	-64	-50	-53	-52	-65	-75	-74	-75	-78	-84	-78	-85	-77	-83	-82	-82	-84	-84	-87	-86	-87	-84	-64	-65	-69	-89	-87	-68	-83	-84
-51	-61	-64	-64	-62	-59	-59	-73	-64	-50	-53	-52	-65	-75	-74	-75	-78	-84	-78	-85	-77	-83	-82	-82	-84	-84	-87	-86	-87	-84	-64	-65	-69	-89	-87	-68	-83	-84
-51	-64	-67	-66	-63	-60	-59	-71	-64	-51	-54	-52	-65	-75	-73	-75	-78	-84	-78	-85	-77	-83	-82	-82	-84	-84	-87	-86	-87	-84	-64	-65	-69	-89	-87	-68	-83	-84
-51	-64	-67	-66	-63	-60	-59	-71	-64	-51	-54	-52	-65	-75	-73	-75	-78	-84	-78	-85	-77	-83	-82	-82	-84	-84	-87	-86	-87	-84	-64	-65	-69	-89	-87	-68	-83	-84
-52	-65	-67	-66	-64	-65	-59	-71	-60	-52	-58	-52	-65	-73	-72	-75	-78	-84	-75	-86	-81	-83	-82	-82	-86	-85	-87	-86	-87	-84	-64	-65	-69	-89	-87	-68	-84	-83
-52	-65	-67	-66	-64	-65	-59	-71	-60	-52	-58	-52	-65	-73	-72	-75	-78	-84	-75	-86	-81	-83	-82	-82	-86	-85	-87	-86	-87	-84	-64	-65	-69	-89	-87	-68	-84	-83
-52	-66	-67	-69	-65	-65	-60	-71	-59	-54	-57	-52	-65	-71	-71	-75	-78	-84	-75	-86	-81	-83	-82	-82	-87	-86	-87	-86	-87	-84	-64	-65	-69	-89	-87	-68	-84	-83
-52	-66	-67	-69	-65	-65	-60	-71	-59	-54	-57	-52	-65	-71	-71	-75	-78	-84	-75	-86	-81	-83	-82	-82	-87	-86	-87	-86	-87	-84	-64	-65	-69	-89	-87	-68	-84	-83
-53	-67	-69	-69	-66	-65	-60	-70	-58	-54	-57	-54	-65	-68	-68	-71	-75	-84	-74	-85	-82	-83	-82	-82	-87	-86	-87	-86	-83	-84	-64	-65	-69	-89	-87	-68	-84	-83
-53	-67	-69	-69	-66	-65	-60	-70	-58	-54	-57	-54	-65	-68	-68	-71	-75	-84	-74	-85	-82	-83	-82	-82	-87	-86	-87	-86	-83	-84	-64	-65	-69	-89	-87	-68	-84	-83
-53	-69	-71	-70	-68	-63	-60	-70	-56	-55	-57	-54	-65	-66	-65	-69	-73	-84	-76	-85	-84	-83	-82	-83	-87	-87	-87	-86	-84	-84	-64	-65	-69	-87	-68	-84	-84
-53	-69	-71	-70	-68	-63	-60	-70	-56	-55	-57	-54	-65	-66	-65	-69	-73	-84	-76	-85	-84	-83	-82	-83	-87	-87	-87	-86	-84	-84	-64	-65	-69	-87	-68	-84	-84
-54	-71	-71	-70	-69	-63	-62	-69	-58	-62	-57	-54	-65	-65	-68	-71	-84	-75	-84	-85	-83	-82	-83	-87	-87	-87	-87	-84	-85	-64	-65	-69	-87	-68	-84	-84
-54	-71	-71	-70	-69	-63	-62	-69	-58	-62	-57	-54	-65	-65	-68	-71	-84	-75	-84	-85	-83	-82	-83	-87	-87	-87	-87	-84	-85	-64	-65	-69	-87	-68	-84	-84
-54	-69	-67	-67	-68	-64	-62	-69	-60	-58	-57	-54	-63	-63	-66	-69	-84	-74	-84	-85	-83	-82	-83	-87	-87	-87	-87	-84	-84	-64	-65	-69	-68	-84	-84
-56	-63	-63	-65	-57	-58	-62	-62	-62	-54	-41	-69	-67	-69	-69	-70	-70	-74	-83	-84	-84	-83	-83	-84	-84	-84	-85	-87	-87	-88	-88
-56	-63	-63	-65	-57	-58	-62	-62	-62	-54	-41	-69	-67	-69	-69	-70	-70	-74	-83	-84	-84	-83	-83	-84	-84	-84	-85	-87	-87	-88	-88
-55	-62	-62	-63	-57	-55	-62	-63	-62	-54	-41	-69	-66	-69	-69	-70	-69	-75	-83	-84	-84	-83	-83	-84	-84	-84	-86	-87	-87	-88	-88
-55	-62	-62	-63	-57	-55	-62	-63	-62	-54	-41	-69	-66	-69	-69	-70	-69	-75	-83	-84	-84	-83	-83	-84	-84	-84	-86	-87	-87	-88	-88
-56	-64	-64	-64	-55	-57	-64	-63	-59	-54	-41	-68	-65	-73	-70	-73	-72	-71	-83	-84	-84	-83	-83	-84	-84	-84	-86	-87	-87	-88	-89	-84
-56	-64	-64	-64	-55	-57	-64	-63	-59	-54	-41	-68	-65	-73	-70	-73	-72	-71	-83	-84	-84	-83	-83	-84	-84	-84	-86	-87	-87	-88	-89	-84
-55	-61	-61	-62	-54	-59	-65	-65	-60	-54	-41	-68	-68	-73	-70	-74	-73	-70	-83	-83	-84	-83	-85	-84	-84	-84	-86	-87	-87	-88	-89	-84	-86
-55	-61	-61	-62	-54	-59	-65	-65	-60	-54	-41	-68	-68	-73	-70	-74	-73	-70	-83	-83	-84	-83	-85	-84	-84	-84	-86	-87	-87	-88	-89	-84	-86
-56	-61	-61	-62	-48	-59	-65	-65	-62	-54	-41	-66	-72	-72	-70	-73	-73	-69	-81	-84	-85	-83	-84	-84	-87	-87	-87	-89	-89	-83	-86
-56	-61	-61	-62	-48	-59	-65	-65	-62	-54	-41	-66	-72	-72	-70	-73	-73	-69	-81	-84	-85	-83	-84	-84	-87	-87	-87	-89	-89	-83	-86
-58	-63	-64	-64	-42	-59	-69	-65	-62	-54	-41	-66	-72	-76	-72	-76	-75	-69	-79	-85	-85	-84	-84	-84	-87	-88	-87	-89	-89	-83	-85	-85	-86
-58	-63	-64	-64	-42	-59	-69	-65	-62	-54	-41	-66	-72	-76	-72	-76	-75	-69	-79	-85	-85	-84	-84	-84	-87	-88	-87	-89	-89	-83	-85	-85	-86
-59	-61	-64	-63	-43	-61	-69	-66	-66	-54	-41	-66	-70	-76	-73	-76	-76	-70	-77	-84	-85	-85	-84	-84	-87	-88	-87	-89	-89	-84	-84	-85	-86
-59	-61	-64	-63	-43	-61	-69	-66	-66	-54	-41	-66	-70	-76	-73	-76	-76	-70	-77	-84	-85	-85	-84	-84	-87	-88	-87	-89	-89	-84	-84	-85	-86
-59	-61	-62	-61	-44	-62	-69	-67	-66	-54	-41	-65	-71	-75	-74	-76	-77	-71	-77	-84	-85	-86	-84	-84	-87	-88	-89	-89	-84	-84	-85	-86
-59	-61	-62	-61	-44	-62	-69	-67	-66	-54	-41	-65	-71	-75	-74	-76	-77	-71	-77	-84	-85	-86	-84	-84	-87	-88	-89	-89	-84	-84	-85	-86
-60	-61	-62	-61	-44	-64	-71	-68	-66	-54	-41	-64	-74	-75	-74	-76	-75	-71	-77	-85	-85	-86	-84	-84	-87	-88	-89	-89	-84	-84	-85	-86
-59	-60	-60	-61	-64	-49	-64	-66	-68	-71	-71	-76	-74	-74	-76	-76	-76	-85	-84	-84	-84	-84	-85	-86	-86	-86	-88	-88	-89	-89
-59	-60	-60	-61	-64	-49	-64	-66	-68	-71	-71	-76	-74	-74	-76	-76	-76	-85	-84	-84	-84	-84	-85	-86	-86	-86	-88	-88	-89	-89
-59	-60	-60	-61	-64	-49	-67	-66	-68	-71	-71	-76	-74	-73	-77	-76	-77	-85	-84	-84	-84	-85	-85	-86	-86	-86	-88	-88	-89	-89
-59	-60	-60	-61	-64	-49	-67	-66	-68	-71	-71	-76	-74	-73	-77	-76	-77	-85	-84	-84	-84	-85	-85	-86	-86	-86	-88	-88	-89	-89
-59	-61	-60	-61	-64	-48	-67	-67	-68	-71	-71	-76	-74	-70	-75	-75	-76	-85	-84	-85	-86	-86	-86	-86	-88	-88	-89
-59	-61	-60	-61	-64	-48	-67	-67	-68	-71	-71	-76	-74	-70	-75	-75	-76	-85	-84	-85	-86	-86	-86	-86	-88	-88	-89
-57	-60	-60	-60	-61	-52	-67	-65	-68	-71	-73	-76	-74	-70	-75	-75	-76	-85	-84	-85	-86	-86	-86	-86	-88	-88
-57	-60	-60	-60	-61	-52	-67	-65	-68	-71	-73	-76	-74	-70	-75	-75	-76	-85	-84	-85	-86	-86	-86	-86	-88	-88
-57	-60	-60	-60	-61	-52	-66	-63	-68	-69	-72	-76	-74	-70	-73	-72	-73	-84	-85	-86	-87	-86	-88
-57	-60	-60	-60	-61	-52	-66	-63	-68	-69	-72	-76	-74	-70	-73	-72	-73	-84	-85	-86	-87	-86	-88
-57	-58	-59	-59	-61	-51	-65	-64	-68	-69	-72	-76	-74	-69	-73	-73	-73	-84	-86	-87	-86	-88
-57	-58	-59	-59	-61	-51	-65	-64	-68	-69	-72	-76	-74	-69	-73	-73	-73	-84	-86	-87	-86	-88
-58	-58	-59	-59	-61	-51	-65	-64	-68	-70	-72	-76	-73	-68	-73	-72	-72	-84	-86	-87	-86	-88
-58	-58	-59	-59	-61	-51	-65	-64	-68	-70	-72	-76	-73	-68	-73	-72	-72	-84	-86	-87	-86	-88
-58	-59	-57	-59	-61	-51	-65	-64	-68	-70	-74	-76	-72	-68	-73	-72	-72	-84	-84	-87	-88
-57	-61	-61	-61	-62	-51	-63	-64	-65	-68	-68	-74	-72	-72	-72	-72	-75	-84	-85	-86	-87	-88
-57	-61	-61	-61	-62	-51	-63	-64	-65	-68	-68	-74	-72	-72	-72	-72	-75	-84	-85	-86	-87	-88
-59	-61	-60	-61	-61	-52	-63	-63	-64	-68	-68	-74	-70	-70	-69	-71	-76	-84	-86	-86	-87	-88	-85
-59	-61	-60	-61	-61	-52	-63	-63	-64	-68	-68	-74	-70	-70	-69	-71	-76	-84	-86	-86	-87	-88	-85
-57	-61	-60	-61	-62	-51	-63	-63	-64	-68	-68	-74	-70	-70	-69	-71	-75	-84	-86	-86	-87	-88	-85
-57	-61	-60	-61	-62	-51	-63	-63	-64	-68	-68	-74	-70	-70	-69	-71	-75	-84	-86	-86	-87	-88	-85
-56	-61	-60	-61	-62	-51	-64	-64	-64	-68	-68	-74	-69	-69	-68	-71	-74	-84	-86	-86	-87	-88	-85	-87
-56	-61	-60	-61	-62	-51	-64	-64	-64	-68	-68	-74	-69	-69	-68	-71	-74	-84	-86	-86	-87	-88	-85	-87
-56	-62	-62	-62	-63	-51	-61	-64	-63	-68	-66	-74	-67	-66	-66	-70	-74	-84	-86	-86	-87	-88	-85	-87	-86
-56	-62	-62	-62	-63	-51	-61	-64	-63	-68	-66	-74	-67	-66	-66	-70	-74	-84	-86	-86	-87	-88	-85	-87	-86
-55	-66	-65	-64	-66	-55	-59	-66	-62	-63	-64	-75	-65	-66	-65	-68	-76	-87	-85	-83	-86	-88	-85	-88	-86	-89	-89
-55	-66	-65	-64	-66	-55	-59	-66	-62	-63	-64	-75	-65	-66	-65	-68	-76	-87	-85	-83	-86	-88	-85	-88	-86	-89	-89
-55	-67	-65	-65	-66	-55	-56	-67	-64	-62	-63	-78	-64	-64	-62	-68	-78	-87	-82	-79	-86	-88	-85	-88	-86	-89	-89	-86	-83	-88	-85	-87
-55	-67	-65	-65	-66	-55	-56	-67	-64	-62	-63	-78	-64	-64	-62	-68	-78	-87	-82	-79	-86	-88	-85	-88	-86	-89	-89	-86	-83	-88	-85	-87
-55	-69	-67	-67	-68	-58	-54	-67	-63	-59	-62	-78	-63	-63	-62	-68	-79	-87	-82	-80	-85	-88	-86	-89	-86	-89	-89	-86	-83	-88	-85	-87
-55	-69	-67	-67	-68	-58	-54	-67	-63	-59	-62	-78	-63	-63	-62	-68	-79	-87	-82	-80	-85	-88	-86	-89	-86	-89	-89	-86	-83	-88	-85	-87
-53	-70	-69	-67	-70	-58	-54	-67	-60	-56	-60	-80	-61	-61	-61	-66	-78	-87	-82	-80	-85	-87	-85	-89	-87	-89	-89	-86	-83	-88	-86	-87
-53	-70	-69	-67	-70	-58	-54	-67	-60	-56	-60	-80	-61	-61	-61	-66	-78	-87	-82	-80	-85	-87	-85	-89	-87	-89	-89	-86	-83	-88	-86	-87
-53	-70	-69	-67	-70	-59	-54	-69	-64	-57	-60	-82	-62	-63	-63	-66	-78	-87	-82	-81	-85	-87	-85	-88	-86	-88	-89	-86	-83	-88	-85	-87	-47
-53	-70	-69	-67	-70	-59	-54	-69	-64	-57	-60	-82	-62	-63	-63	-66	-78	-87	-82	-81	-85	-87	-85	-88	-86	-88	-89	-86	-83	-88	-85	-87	-47
-51	-70	-69	-67	-70	-62	-55	-70	-64	-57	-60	-82	-63	-63	-64	-66	-79	-87	-82	-82	-85	-87	-85	-88	-86	-86	-88	-86	-83	-88	-85	-87	-47
-51	-70	-69	-67	-70	-62	-55	-70	-64	-57	-60	-82	-63	-63	-64	-66	-79	-87	-82	-82	-85	-87	-85	-88	-86	-86	-88	-86	-83	-88	-85	-87	-47
-51	-71	-70	-67	-70	-66	-56	-70	-65	-58	-60	-82	-62	-63	-64	-65	-79	-87	-82	-80	-85	-88	-85	-88	-85	-86	-88	-86	-83	-88	-85	-87	-47
-51	-71	-70	-67	-70	-66	-56	-70	-65	-58	-60	-82	-62	-63	-64	-65	-79	-87	-82	-80	-85	-88	-85	-88	-85	-86	-88	-86	-83	-88	-85	-87	-47
-51	-71	-70	-67	-70	-65	-56	-70	-63	-57	-59	-82	-61	-62	-61	-63	-79	-87	-80	-81	-85	-87	-84	-88	-85	-86	-87	-86	-83	-88	-85	-87	-47	-44
-51	-71	-70	-67	-70	-65	-56	-70	-63	-57	-59	-82	-61	-62	-61	-63	-79	-87	-80	-81	-85	-87	-84	-88	-85	-86	-87	-86	-83	-88	-85	-87	-47	-44
-50	-71	-70	-67	-71	-64	-56	-72	-63	-56	-58	-83	-60	-62	-59	-62	-79	-87	-80	-79	-86	-87	-84	-89	-85	-86	-87	-86	-83	-88	-85	-87	-47	-44	-68	-68	-80	-88
-50	-71	-70	-67	-71	-64	-56	-72	-63	-56	-58	-83	-60	-62	-59	-62	-79	-87	-80	-79	-86	-87	-84	-89	-85	-86	-87	-86	-83	-88	-85	-87	-47	-44	-68	-68	-80	-88
-50	-73	-72	-67	-73	-63	-54	-70	-60	-55	-57	-83	-60	-61	-59	-61	-81	-80	-75	-86	-87	-83	-89	-85	-86	-87	-86	-85	-88	-83	-87	-47	-44	-68	-68	-80	-88
-50	-73	-72	-67	-73	-63	-54	-70	-60	-55	-57	-83	-60	-61	-59	-61	-81	-80	-75	-86	-87	-83	-89	-85	-86	-87	-86	-85	-88	-83	-87	-47	-44	-68	-68	-80	-88
-51	-74	-73	-74	-74	-58	-54	-69	-62	-55	-58	-83	-61	-61	-61	-61	-81	-80	-75	-86	-87	-84	-89	-86	-86	-87	-85	-83	-87	-47	-44	-68	-68	-80	-88
-51	-74	-73	-74	-74	-58	-54	-69	-62	-55	-58	-83	-61	-61	-61	-61	-81	-80	-75	-86	-87	-84	-89	-86	-86	-87	-85	-83	-87	-47	-44	-68	-68	-80	-88
-52	-73	-73	-74	-74	-56	-55	-69	-62	-58	-58	-82	-59	-59	-59	-60	-80	-81	-77	-86	-87	-84	-89	-86	-86	-87	-85	-83	-87	-47	-44	-68	-68	-80	-88
-52	-73	-73	-74	-74	-56	-55	-69	-62	-58	-58	-82	-59	-59	-59	-60	-80	-81	-77	-86	-87	-84	-89	-86	-86	-87	-85	-83	-87	-47	-44	-68	-68	-80	-88
-52	-73	-73	-74	-73	-56	-56	-65	-62	-57	-58	-82	-59	-59	-59	-60	-80	-81	-76	-86	-88	-84	-89	-86	-86	-87	-85	-83	-87	-47	-44	-68	-68	-80	-88
-52	-73	-73	-74	-73	-56	-56	-65	-62	-57	-58	-82	-59	-59	-59	-60	-80	-81	-76	-86	-88	-84	-89	-86	-86	-87	-85	-83	-87	-47	-44	-68	-68	-80	-88
-50	-73	-73	-74	-73	-56	-51	-71	-58	-54	-56	-82	-60	-60	-60	-60	-81	-81	-74	-85	-88	-85	-88	-87	-86	-87	-85	-85	-87	-47	-44	-68	-68	-80	-88
-50	-73	-73	-74	-73	-56	-51	-71	-58	-54	-56	-82	-60	-60	-60	-60	-81	-81	-74	-85	-88	-85	-88	-87	-86	-87	-85	-85	-87	-47	-44	-68	-68	-80	-88
-50	-50	-56	-56	-57	-59	-62	-65	-65	-65	-73	-73	-74	-75	-71	-74	-68	-68	-83	-84	-80	-85	-82	-84	-84	-85	-85	-87	-87	-87	-87	-80	-88	-88
-50	-50	-56	-56	-57	-59	-62	-65	-65	-65	-73	-73	-74	-75	-71	-74	-68	-68	-83	-84	-80	-85	-82	-84	-84	-85	-85	-87	-87	-87	-87	-80	-88	-88
-50	-47	-55	-56	-58	-58	-63	-65	-65	-65	-76	-76	-74	-77	-75	-74	-68	-68	-84	-84	-80	-85	-82	-84	-84	-85	-85	-87	-87	-87	-88	-80	-88	-88
-50	-47	-55	-56	-58	-58	-63	-65	-65	-65	-76	-76	-74	-77	-75	-74	-68	-68	-84	-84	-80	-85	-82	-84	-84	-85	-85	-87	-87	-87	-88	-80	-88	-88
-50	-47	-56	-57	-58	-58	-63	-65	-65	-66	-76	-76	-74	-76	-75	-74	-68	-68	-84	-84	-80	-85	-82	-85	-84	-85	-85	-87	-87	-87	-87	-80	-88
-50	-47	-56	-57	-58	-58	-63	-65	-65	-66	-76	-76	-74	-76	-75	-74	-68	-68	-84	-84	-80	-85	-82	-85	-84	-85	-85	-87	-87	-87	-87	-80	-88
-51	-47	-56	-57	-60	-58	-65	-67	-67	-70	-74	-76	-74	-74	-76	-73	-68	-68	-83	-84	-80	-85	-82	-85	-84	-85	-87	-87	-87	-88	-80	-88
-51	-47	-56	-57	-60	-58	-65	-67	-67	-70	-74	-76	-74	-74	-76	-73	-68	-68	-83	-84	-80	-85	-82	-85	-84	-85	-87	-87	-87	-88	-80	-88
-51	-46	-58	-57	-61	-60	-67	-67	-67	-69	-74	-76	-74	-74	-80	-75	-68	-68	-83	-84	-80	-85	-82	-85	-84	-85	-87	-87	-87	-88	-80	-88
-51	-46	-58	-57	-61	-60	-67	-67	-67	-69	-74	-76	-74	-74	-80	-75	-68	-68	-83	-84	-80	-85	-82	-85	-84	-85	-87	-87	-87	-88	-80	-88
-51	-48	-59	-58	-62	-59	-67	-67	-67	-68	-74	-76	-74	-74	-80	-74	-68	-68	-83	-84	-80	-85	-82	-85	-84	-85	-87	-87	-87	-88	-80	-88	-71
-51	-48	-59	-58	-62	-59	-67	-67	-67	-68	-74	-76	-74	-74	-80	-74	-68	-68	-83	-84	-80	-85	-82	-85	-84	-85	-87	-87	-87	-88	-80	-88	-71
-51	-48	-60	-58	-62	-59	-68	-69	-69	-68	-74	-76	-74	-74	-83	-74	-68	-68	-83	-84	-80	-85	-82	-85	-84	-85	-87	-87	-87	-88	-80	-88	-71
-51	-48	-60	-58	-62	-59	-68	-69	-69	-68	-74	-76	-74	-74	-83	-74	-68	-68	-83	-84	-80	-85	-82	-85	-84	-85	-87	-87	-87	-88	-80	-88	-71
-51	-48	-61	-59	-60	-59	-69	-70	-71	-70	-73	-75	-72	-83	-74	-68	-68	-84	-84	-78	-86	-82	-85	-84	-85	-87	-87	-87	-88	-80	-88	-71
-51	-48	-61	-59	-60	-59	-69	-70	-71	-70	-73	-75	-72	-83	-74	-68	-68	-84	-84	-78	-86	-82	-85	-84	-85	-87	-87	-87	-88	-80	-88	-71
-51	-47	-62	-61	-62	-59	-70	-71	-71	-70	-74	-75	-73	-79	-74	-68	-68	-84	-84	-77	-86	-82	-85	-87	-87	-88	-80	-88	-71	-72
-51	-47	-62	-61	-62	-59	-70	-71	-71	-70	-74	-75	-73	-79	-74	-68	-68	-84	-84	-77	-86	-82	-85	-87	-87	-88	-80	-88	-71	-72
-51	-47	-62	-61	-62	-60	-70	-71	-71	-70	-74	-75	-75	-80	-76	-68	-68	-84	-84	-77	-86	-82	-85	-87	-87	-88	-80	-88	-71	-72
-51	-47	-62	-61	-62	-60	-70	-71	-71	-70	-74	-75	-75	-80	-76	-68	-68	-84	-84	-77	-86	-82	-85	-87	-87	-88	-80	-88	-71	-72
-53	-48	-61	-60	-61	-60	-70	-70	-69	-69	-74	-75	-75	-79	-74	-68	-68	-84	-84	-77	-86	-82	-85	-87	-87	-88	-80	-88	-71	-72	-82	-87
-53	-48	-61	-60	-61	-60	-70	-70	-69	-69	-74	-75	-75	-79	-74	-68	-68	-84	-84	-77	-86	-82	-85	-87	-87	-88	-80	-88	-71	-72	-82	-87
-50	-55	-59	-59	-60	-58	-70	-68	-68	-68	-72	-74	-72	-77	-74	-68	-68	-84	-84	-79	-86	-81	-87	-87	-88	-80	-88	-71	-72	-81	-87
-50	-55	-59	-59	-60	-58	-70	-68	-68	-68	-72	-74	-72	-77	-74	-68	-68	-84	-84	-79	-86	-81	-87	-87	-88	-80	-88	-71	-72	-81	-87
-47	-56	-57	-59	-60	-58	-68	-65	-65	-65	-72	-74	-72	-77	-73	-68	-68	-84	-85	-79	-86	-81	-87	-87	-88	-80	-89	-71	-72	-82	-87	-62	-83
-47	-56	-57	-59	-60	-58	-68	-65	-65	-65	-72	-74	-72	-77	-73	-68	-68	-84	-85	-79	-86	-81	-87	-87	-88	-80	-89	-71	-72	-82	-87	-62	-83
-48	-56	-56	-58	-59	-60	-68	-67	-66	-67	-72	-74	-72	-78	-73	-68	-68	-84	-85	-79	-86	-79	-87	-87	-88	-80	-89	-71	-72	-82	-87	-62	-83	-86
-48	-56	-56	-58	-59	-60	-68	-67	-66	-67	-72	-74	-72	-78	-73	-68	-68	-84	-85	-79	-86	-79	-87	-87	-88	-80	-89	-71	-72	-82	-87	-62	-83	-86
-46	-56	-57	-58	-56	-60	-68	-68	-68	-69	-72	-74	-73	-79	-74	-68	-68	-84	-85	-81	-86	-78	-87	-88	-88	-80	-89	-71	-72	-83	-87	-62	-83	-86	-87
-46	-56	-57	-58	-56	-60	-68	-68	-68	-69	-72	-74	-73	-79	-74	-68	-68	-84	-85	-81	-86	-78	-87	-88	-88	-80	-89	-71	-72	-83	-87	-62	-83	-86	-87
-46	-56	-58	-58	-56	-58	-68	-69	-68	-69	-73	-74	-74	-77	-74	-84	-84	-81	-86	-77	-87	-88	-88	-89	-71	-72	-83	-87	-62	-85	-87	-87
-46	-56	-58	-58	-56	-58	-68	-69	-68	-69	-73	-74	-74	-77	-74	-84	-84	-81	-86	-77	-87	-88	-88	-89	-71	-72	-83	-87	-62	-85	-87	-87
-45	-52	-58	-58	-54	-61	-68	-68	-69	-69	-75	-75	-75	-76	-74	-84	-84	-81	-77	-87	-88	-88	-89	-71	-72	-83	-87	-62	-85	-87	-87
-45	-52	-58	-58	-54	-61	-68	-68	-69	-69	-75	-75	-75	-76	-74	-84	-84	-81	-77	-87	-88	-88	-89	-71	-72	-83	-87	-62	-85	-87	-87
-44	-52	-60	-59	-53	-60	-68	-68	-67	-68	-75	-75	-75	-75	-75	-84	-83	-81	-76	-87	-88	-88	-89	-71	-72	-83	-85	-62	-85	-87	-86
-44	-52	-60	-59	-53	-60	-68	-68	-67	-68	-75	-75	-75	-75	-75	-84	-83	-81	-76	-87	-88	-88	-89	-71	-72	-83	-85	-62	-85	-87	-86
-42	-52	-58	-58	-53	-59	-69	-69	-68	-68	-76	-76	-76	-75	-74	-84	-83	-82	-74	-87	-88	-88	-89	-71	-72	-83	-85	-62	-85	-87	-86
-42	-52	-58	-58	-53	-59	-69	-69	-68	-68	-76	-76	-76	-75	-74	-84	-83	-82	-74	-87	-88	-88	-89	-71	-72	-83	-85	-62	-85	-87	-86
-43	-52	-54	-57	-51	-60	-68	-68	-67	-66	-73	-75	-73	-75	-77	-83	-83	-83	-73	-87	-88	-89	-71	-72	-82	-85	-62	-85	-85	-86
-43	-52	-54	-57	-51	-60	-68	-68	-67	-66	-73	-75	-73	-75	-77	-83	-83	-83	-73	-87	-88	-89	-71	-72	-82	-85	-62	-85	-85	-86
-43	-53	-55	-57	-53	-59	-67	-66	-66	-66	-73	-75	-73	-76	-77	-84	-83	-83	-73	-87	-88	-89	-71	-72	-82	-85	-62	-86	-85	-86	-88
-43	-53	-55	-57	-53	-59	-67	-66	-66	-66	-73	-75	-73	-76	-77	-84	-83	-83	-73	-87	-88	-89	-71	-72	-82	-85	-62	-86	-85	-86	-88
-42	-56	-55	-56	-53	-61	-66	-65	-66	-65	-73	-75	-73	-76	-79	-85	-83	-83	-74	-87	-88	-89	-71	-72	-83	-85	-62	-86	-85	-87	-89
-42	-56	-55	-56	-53	-61	-66	-65	-66	-65	-73	-75	-73	-76	-79	-85	-83	-83	-74	-87	-88	-89	-71	-72	-83	-85	-62	-86	-85	-87	-89
-41	-56	-59	-56	-51	-64	-67	-67	-69	-68	-75	-75	-74	-76	-80	-85	-83	-84	-73	-86	-88	-89	-71	-84	-85	-62	-86	-85	-87	-89
-41	-56	-59	-56	-51	-64	-67	-67	-69	-68	-75	-75	-74	-76	-80	-85	-83	-84	-73	-86	-88	-89	-71	-84	-85	-62	-86	-85	-87	-89
-40	-58	-58	-57	-50	-64	-67	-68	-68	-69	-75	-75	-76	-79	-80	-85	-83	-85	-68	-85	-88	-89	-71	-83	-84	-62	-86	-85	-87	-89
-40	-58	-58	-57	-50	-64	-67	-68	-68	-69	-75	-75	-76	-79	-80	-85	-83	-85	-68	-85	-88	-89	-71	-83	-84	-62	-86	-85	-87	-89
-40	-56	-61	-58	-50	-66	-68	-71	-70	-71	-77	-77	-78	-81	-80	-85	-82	-85	-67	-86	-88	-89	-71	-83	-84	-62	-86	-85	-87	-88	-80
-40	-56	-61	-58	-50	-66	-68	-71	-70	-71	-77	-77	-78	-81	-80	-85	-82	-85	-67	-86	-88	-89	-71	-83	-84	-62	-86	-85	-87	-88	-80
-42	-52	-61	-58	-49	-66	-68	-70	-69	-71	-79	-78	-80	-83	-80	-85	-82	-85	-67	-85	-87	-89	-71	-83	-84	-62	-86	-85	-87	-88	-80
-45	-41	-55	-62	-65	-66	-69	-70	-71	-72	-72	-81	-82	-82	-83	-84	-85	-81	-81	-83	-84	-84	-84	-85	-85	-86	-86	-87	-87	-88	-88
-45	-41	-55	-62	-65	-66	-69	-70	-71	-72	-72	-81	-82	-82	-83	-84	-85	-81	-81	-83	-84	-84	-84	-85	-85	-86	-86	-87	-87	-88	-88
-47	-41	-55	-63	-65	-67	-69	-71	-73	-74	-75	-82	-83	-81	-84	-84	-85	-80	-80	-84	-84	-85	-85	-84	-85	-86	-86	-86	-87	-86	-87	-88
-47	-41	-55	-63	-65	-67	-69	-71	-73	-74	-75	-82	-83	-81	-84	-84	-85	-80	-80	-84	-84	-85	-85	-84	-85	-86	-86	-86	-87	-86	-87	-88
-45	-40	-52	-64	-65	-67	-69	-72	-74	-75	-76	-82	-83	-81	-84	-85	-85	-80	-80	-83	-84	-85	-84	-85	-85	-86	-82	-87	-85	-87	-88	-84
-45	-40	-52	-64	-65	-67	-69	-72	-74	-75	-76	-82	-83	-81	-84	-85	-85	-80	-80	-83	-84	-85	-84	-85	-85	-86	-82	-87	-85	-87	-88	-84
-45	-40	-55	-64	-65	-67	-69	-73	-75	-75	-76	-82	-83	-82	-85	-86	-82	-81	-83	-84	-85	-84	-85	-86	-82	-87	-85	-87	-88	-84
-45	-40	-55	-64	-65	-67	-69	-73	-75	-75	-76	-82	-83	-82	-85	-86	-82	-81	-83	-84	-85	-84	-85	-86	-82	-87	-85	-87	-88	-84
-45	-44	-55	-64	-65	-65	-68	-73	-76	-77	-76	-82	-83	-83	-85	-85	-82	-81	-83	-83	-85	-84	-85	-87	-82	-87	-85	-88	-88	-84
-45	-44	-55	-64	-65	-65	-68	-73	-76	-77	-76	-82	-83	-83	-85	-85	-82	-81	-83	-83	-85	-84	-85	-87	-82	-87	-85	-88	-88	-84
-45	-44	-52	-64	-66	-65	-67	-73	-74	-75	-76	-83	-83	-83	-86	-86	-81	-80	-83	-81	-85	-84	-86	-87	-82	-87	-85	-88	-88	-84
-45	-44	-52	-64	-66	-65	-67	-73	-74	-75	-76	-83	-83	-83	-86	-86	-81	-80	-83	-81	-85	-84	-86	-87	-82	-87	-85	-88	-88	-84
-44	-44	-53	-64	-65	-65	-67	-73	-73	-73	-74	-83	-83	-83	-86	-86	-81	-80	-83	-81	-85	-84	-86	-87	-83	-87	-87	-88	-88	-84	-43
-44	-44	-53	-64	-65	-65	-67	-73	-73	-73	-74	-83	-83	-83	-86	-86	-81	-80	-83	-81	-85	-84	-86	-87	-83	-87	-87	-88	-88	-84	-43
-42	-45	-53	-63	-64	-63	-67	-73	-73	-73	-74	-83	-83	-82	-86	-84	-81	-80	-83	-82	-85	-84	-86	-87	-83	-86	-87	-88	-88	-84	-43	-88
-42	-45	-53	-63	-64	-63	-67	-73	-73	-73	-74	-83	-83	-82	-86	-84	-81	-80	-83	-82	-85	-84	-86	-87	-83	-86	-87	-88	-88	-84	-43	-88
-40	-48	-52	-62	-65	-62	-65	-73	-72	-72	-74	-83	-83	-83	-86	-84	-82	-83	-83	-82	-85	-84	-86	-87	-84	-86	-87	-87	-88	-84	-43	-88
-40	-48	-52	-62	-65	-62	-65	-73	-72	-72	-74	-83	-83	-83	-86	-84	-82	-83	-83	-82	-85	-84	-86	-87	-84	-86	-87	-87	-88	-84	-43	-88
-38	-52	-51	-61	-66	-60	-67	-71	-69	-70	-69	-81	-80	-83	-83	-81	-82	-83	-83	-79	-84	-84	-87	-86	-84	-87	-88	-87	-88	-84	-43	-88	-66	-69	-75
-38	-52	-51	-61	-66	-60	-67	-71	-69	-70	-69	-81	-80	-83	-83	-81	-82	-83	-83	-79	-84	-84	-87	-86	-84	-87	-88	-87	-88	-84	-43	-88	-66	-69	-75
-39	-50	-48	-59	-67	-59	-66	-70	-67	-68	-67	-80	-80	-83	-80	-81	-82	-83	-83	-78	-80	-84	-87	-84	-85	-87	-88	-87	-84	-43	-88	-66	-69	-75	-87
-39	-50	-48	-59	-67	-59	-66	-70	-67	-68	-67	-80	-80	-83	-80	-81	-82	-83	-83	-78	-80	-84	-87	-84	-85	-87	-88	-87	-84	-43	-88	-66	-69	-75	-87
-43	-50	-47	-58	-68	-58	-66	-70	-68	-68	-69	-80	-80	-83	-80	-81	-82	-84	-78	-78	-87	-85	-85	-87	-88	-87	-43	-88	-66	-69	-75	-87	-84
-43	-50	-47	-58	-68	-58	-66	-70	-68	-68	-69	-80	-80	-83	-80	-81	-82	-84	-78	-78	-87	-85	-85	-87	-88	-87	-43	-88	-66	-69	-75	-87	-84
-41	-50	-49	-59	-69	-60	-68	-70	-68	-69	-68	-80	-81	-83	-81	-81	-83	-84	-78	-78	-87	-85	-85	-87	-88	-87	-43	-88	-66	-69	-75	-87	-84
-41	-50	-49	-59	-69	-60	-68	-70	-68	-69	-68	-80	-81	-83	-81	-81	-83	-84	-78	-78	-87	-85	-85	-87	-88	-87	-43	-88	-66	-69	-75	-87	-84
-40	-50	-50	-59	-69	-63	-68	-68	-66	-66	-67	-80	-81	-83	-81	-81	-83	-84	-78	-79	-88	-86	-85	-87	-87	-87	-43	-88	-66	-69	-75	-87	-84	-86	-86
-37	-49	-52	-59	-61	-67	-68	-68	-68	-69	-71	-66	-69	-80	-80	-81	-81	-82	-78	-82	-75	-86	-87	-83	-83	-84	-86	-86	-86	-86	-86	-86	-87	-88
-37	-49	-52	-59	-61	-67	-68	-68	-68	-69	-71	-66	-69	-80	-80	-81	-81	-82	-78	-82	-75	-86	-87	-83	-83	-84	-86	-86	-86	-86	-86	-86	-87	-88
-37	-50	-52	-59	-59	-63	-68	-67	-68	-68	-71	-66	-69	-80	-80	-81	-80	-82	-76	-82	-75	-86	-87	-82	-83	-85	-86	-86	-86	-86	-86	-86	-87	-88
-37	-50	-52	-59	-59	-63	-68	-67	-68	-68	-71	-66	-69	-80	-80	-81	-80	-82	-76	-82	-75	-86	-87	-82	-83	-85	-86	-86	-86	-86	-86	-86	-87	-88
-37	-50	-52	-60	-61	-65	-70	-68	-69	-70	-72	-66	-69	-79	-80	-79	-77	-82	-77	-82	-75	-86	-87	-82	-83	-85	-86	-86	-85	-86	-86	-86	-87	-88
-37	-50	-52	-60	-61	-65	-70	-68	-69	-70	-72	-66	-69	-79	-80	-79	-77	-82	-77	-82	-75	-86	-87	-82	-83	-85	-86	-86	-85	-86	-86	-86	-87	-88
-37	-53	-50	-59	-60	-64	-70	-68	-70	-70	-73	-66	-69	-79	-80	-79	-77	-82	-76	-79	-75	-86	-87	-82	-83	-85	-84	-86	-85	-86	-86	-86	-87	-88
-37	-53	-50	-59	-60	-64	-70	-68	-70	-70	-73	-66	-69	-79	-80	-79	-77	-82	-76	-79	-75	-86	-87	-82	-83	-85	-84	-86	-85	-86	-86	-86	-87	-88
-40	-53	-49	-59	-60	-63	-69	-68	-71	-70	-74	-66	-69	-79	-80	-79	-78	-82	-74	-77	-75	-86	-87	-83	-83	-85	-85	-86	-85	-86	-86	-86	-87	-86
-40	-53	-49	-59	-60	-63	-69	-68	-71	-70	-74	-66	-69	-79	-80	-79	-78	-82	-74	-77	-75	-86	-87	-83	-83	-85	-85	-86	-85	-86	-86	-86	-87	-86
-41	-55	-48	-59	-59	-62	-67	-67	-70	-68	-74	-66	-69	-79	-80	-79	-78	-83	-74	-77	-75	-86	-83	-83	-85	-85	-86	-85	-86	-86	-86	-87	-86	-86
-41	-55	-48	-59	-59	-62	-67	-67	-70	-68	-74	-66	-69	-79	-80	-79	-78	-83	-74	-77	-75	-86	-83	-83	-85	-85	-86	-85	-86	-86	-86	-87	-86	-86
-43	-56	-47	-59	-58	-61	-68	-68	-70	-68	-75	-66	-69	-78	-80	-78	-77	-83	-73	-75	-75	-86	-83	-84	-85	-84	-86	-85	-86	-86	-86	-87	-86	-86	-86
-43	-56	-47	-59	-58	-61	-68	-68	-70	-68	-75	-66	-69	-78	-80	-78	-77	-83	-73	-75	-75	-86	-83	-84	-85	-84	-86	-85	-86	-86	-86	-87	-86	-86	-86
-43	-57	-48	-58	-58	-60	-68	-67	-69	-67	-76	-66	-69	-77	-79	-77	-76	-83	-73	-75	-75	-86	-83	-84	-85	-83	-87	-85	-86	-86	-87	-86	-86	-86
-42	-49	-55	-56	-57	-62	-63	-64	-64	-67	-61	-64	-75	-75	-76	-72	-79	-76	-77	-83	-81	-83	-76	-86	-84	-85	-85	-86	-86	-87	-87	-87
-42	-49	-55	-56	-57	-63	-61	-61	-62	-63	-61	-64	-75	-75	-75	-71	-79	-76	-77	-83	-81	-83	-76	-86	-84	-85	-85	-86	-86	-87	-87	-87
-42	-49	-55	-56	-57	-63	-61	-61	-62	-63	-61	-64	-75	-75	-75	-71	-79	-76	-77	-83	-81	-83	-76	-86	-84	-85	-85	-86	-86	-87	-87	-87
-43	-49	-54	-57	-56	-60	-63	-64	-64	-64	-61	-64	-74	-74	-74	-71	-79	-78	-74	-82	-79	-83	-76	-86	-84	-85	-85	-86	-86	-87	-87	-87
-43	-49	-54	-57	-56	-60	-63	-64	-64	-64	-61	-64	-74	-74	-74	-71	-79	-78	-74	-82	-79	-83	-76	-86	-84	-85	-85	-86	-86	-87	-87	-87
-43	-50	-54	-59	-55	-63	-62	-63	-63	-63	-61	-64	-74	-74	-74	-69	-79	-79	-75	-82	-79	-85	-76	-86	-84	-85	-86	-86	-87	-87	-87
-43	-50	-54	-59	-55	-63	-62	-63	-63	-63	-61	-64	-74	-74	-74	-69	-79	-79	-75	-82	-79	-85	-76	-86	-84	-85	-86	-86	-87	-87	-87
-43	-51	-55	-59	-55	-63	-62	-62	-63	-63	-61	-64	-74	-74	-74	-65	-79	-80	-75	-82	-79	-85	-76	-86	-84	-86	-86	-88	-87	-87
-43	-51	-55	-59	-55	-63	-62	-62	-63	-63	-61	-64	-74	-74	-74	-65	-79	-80	-75	-82	-79	-85	-76	-86	-84	-86	-86	-88	-87	-87
-43	-51	-55	-60	-54	-63	-62	-62	-62	-63	-61	-64	-74	-74	-74	-63	-79	-81	-75	-82	-79	-83	-76	-86	-84	-86	-86	-88	-87	-87
-43	-51	-55	-60	-54	-63	-62	-62	-62	-63	-61	-64	-74	-74	-74	-63	-79	-81	-75	-82	-79	-83	-76	-86	-84	-86	-86	-88	-87	-87
